date,mtime,manuf_pmi,nonmanuf_pmi,jobless_cl4w,capacity_util,us_sov_slope,cred_spr_aaabaa,spr_ig_sov_10y,vix,m2_yy,us_sov_10yreal,wage_trend_yy,breakeven_infl_10y,oil_p
31/12/1999,240,57.8,56.9,278.25,,0.226,0.64,0.0173,24.64,,,,2.1138,25.6
31/01/2000,241,56.7,56.6,289,,0.074,0.55,169.5,24.95,,,,2.3663,27.64
29/02/2000,242,55.8,56.2,293.75,82.0516,-0.112,0.61,192.1,23.37,,4.67,,2.1226,30.43
31/03/2000,243,54.9,57.4,269.75,82.0127,-0.475,0.69,232.6,24.11,,4.25,,2.0041,26.9
28/04/2000,244,54.7,58,273,82.0292,-0.464,0.76,235.8,26.2,,3.56,,2.246,25.74
31/05/2000,245,53.2,57.7,282.25,82.3411,-0.4,0.91,253.8,23.65,,3.89,,2.1023,29.01
30/06/2000,246,51.4,56.9,288.75,82.2055,-0.331,0.81,239.9,19.54,,3.84,,1.9648,32.5
31/07/2000,247,52.5,55.3,298.5,82.0119,-0.257,0.7,227.9,20.74,,3.54,,2.0197,27.43
31/08/2000,248,49.9,57.6,312.75,81.6213,-0.438,0.71,251.5,16.84,,3.54,,1.7291,33.12
29/09/2000,249,49.7,56.7,300,81.1192,-0.177,0.73,253.8,20.57,,3.13,,1.8311,30.84
31/10/2000,250,48.7,56.7,301,81.1697,-0.163,0.79,257.9,23.63,,3.21,,1.9008,32.7
30/11/2000,251,48.5,56.2,334.25,80.6702,-0.145,0.82,265.2,29.65,,3.23,,1.6728,33.82
29/12/2000,252,43.9,54,348,80.436,0.016,0.81,288.8,26.85,,2.89,,1.3802,26.8
31/01/2001,253,42.3,51.6,340,79.9609,0.542,0.78,269.6,22.02,,2.53,,1.6059,28.66
28/02/2001,254,42.1,51.3,371.25,79.199,0.506,0.77,290.4,28.35,0.066189548,2.49,0.102040816,1.5541,27.39
30/03/2001,255,43.1,50.7,388,78.4463,0.737,0.87,305.3,28.64,0.071365996,2.17,0.104166667,1.6248,26.29
30/04/2001,256,42.7,48.3,396.75,78.0233,1.062,0.87,274.2,25.48,0.076653647,2.26,0.104166667,2.0236,28.46
31/05/2001,257,41.3,49,394.5,77.5674,1.193,0.78,269.9,22.64,0.077431401,2.74,0.081632653,2.1109,28.37
29/06/2001,258,43.2,50.1,395,76.8776,1.17,0.79,265.8,19.06,0.079565053,2.84,0.040816327,1.9612,26.25
31/07/2001,259,43.5,48.1,398,76.2139,1.257,0.84,279.6,21.62,0.083982902,2.7,0.04,1.7219,26.35
31/08/2001,260,46.3,46.9,398.25,75.5834,1.203,0.83,291.8,24.92,0.086263048,2.35,0,1.5325,27.2
28/09/2001,261,46.2,49.5,443.25,75.3028,1.737,0.86,343.2,31.93,0.086963741,2.14,0.019607843,1.447,23.43
31/10/2001,262,40.8,44.8,480.75,74.8378,1.809,0.88,344.8,33.56,0.101858338,1.95,-0.038461538,1.2419,21.18
30/11/2001,263,44.1,48.2,453.75,74.3471,1.911,0.84,312.8,23.84,0.095919667,1.61,-0.038461538,1.3413,19.44
31/12/2001,264,45.3,49.7,404.75,73.8287,2.025,1.28,286.9,23.8,0.102405442,1.97,-0.074074074,1.5053,19.84
31/01/2002,265,47.5,48.9,408.5,73.7034,1.874,1.32,288.7,21.09,0.103203931,2.32,-0.074074074,1.5994,19.48
28/02/2002,266,50.7,52.7,399,74.0367,1.816,1.38,298.3,21.59,0.096085052,2.47,-0.092592593,1.6518,21.74
29/03/2002,267,52.4,52.8,421.25,73.8997,1.685,1.3,283,17.4,0.093576115,2.27,-0.113207547,2.0824,26.31
30/04/2002,268,52.4,53.5,429.25,74.4,1.8647,1.27,286.53,21.91,0.083459847,2.97,-0.132075472,1.9759,27.29
31/05/2002,269,53.1,54.8,401.25,74.6213,1.8499,1.34,301.73,19.98,0.07001694,2.55,-0.188679245,1.9881,25.31
28/06/2002,270,53.6,52.5,389.5,74.8665,1.9861,1.32,319.35,25.4,0.075727172,2.51,-0.137254902,1.729,26.86
31/07/2002,271,50.2,50.4,386,75.5239,2.2249,1.37,330.12,32.03,0.072179695,2.54,-0.192307692,1.7072,27.02
30/08/2002,272,50.3,50.9,395,75.3046,1.9919,1.21,331.91,32.64,0.074185117,2.26,-0.196078431,1.7309,28.98
30/09/2002,273,50.5,52.3,409.5,75.2919,1.9109,1.25,379.58,39.69,0.075327949,1.78,-0.230769231,1.4165,30.45
31/10/2002,274,49,51.4,407.5,75.3866,2.2228,1.41,385.75,31.14,0.057552074,1.35,-0.22,1.4979,27.22
29/11/2002,275,48.5,52.9,389,75.1601,2.1489,1.31,339.48,27.5,0.068168191,1.65,-0.24,1.6559,26.89
31/12/2002,276,51.6,52.3,414.25,75.5636,2.2178,1.24,349.4,28.62,0.068823879,2.24,-0.3,1.5572,31.2
31/01/2003,277,51.3,53.3,400,75.2121,2.2734,1.18,319.75,31.17,0.062298702,1.9,-0.28,1.8165,33.51
28/02/2003,278,48.8,52.6,416.75,75.8117,2.1817,1.11,323.03,29.63,0.064284274,2.05,-0.244897959,1.9714,36.6
31/03/2003,279,46.3,49.1,425.25,75.9469,2.3144,1.06,307.4,29.15,0.065179728,1.95,-0.170212766,1.8425,31.04
30/04/2003,280,46.1,50.1,436.25,75.8002,2.3543,1.11,281.41,21.21,0.066658174,2.11,-0.195652174,1.7385,25.8
30/05/2003,281,49,52.8,423,75.2892,2.0482,1.16,285.01,19.47,0.073387317,2.36,-0.186046512,1.6825,29.56
30/06/2003,282,49,54.3,421.75,75.3397,2.2134,1.22,283.67,19.52,0.079252391,1.79,-0.204545455,1.742,30.19
31/07/2003,283,51,57.3,411.5,75.4925,2.6657,1.13,266.45,19.49,0.081004579,1.99,-0.142857143,2.022,30.54
29/08/2003,284,53.2,59.1,400,75.8479,2.4957,1.13,244.64,18.63,0.081120733,2.88,-0.097560976,2.18,31.57
30/09/2003,285,52.4,57.6,395.5,75.7592,2.4799,1.07,259.24,22.72,0.083297819,3.15,-0.125,2.0012,29.2
31/10/2003,286,55.2,58.7,376.25,76.2212,2.4752,1.03,239.73,16.1,0.073673975,2.74,-0.102564103,2.3915,29.11
28/11/2003,287,58.4,57.5,363,76.3433,2.2879,1.01,233.84,16.32,0.063677508,2.99,-0.105263158,2.3169,30.41
31/12/2003,288,60.1,56.8,358.25,76.9449,2.4266,0.98,236.45,18.31,0.055315005,3.24,-0.028571429,2.295,32.52
30/01/2004,289,60.8,61.2,361.25,76.9031,2.313,0.9,221.81,16.63,0.051108801,3.1,-0.083333333,2.3383,33.05
27/02/2004,290,59.9,58,360.75,77.1127,2.3301,0.77,222.89,14.55,0.046687915,2.98,-0.108108108,2.3933,36.16
31/03/2004,291,60.6,58.3,342,77.5936,2.263,0.78,231.52,16.74,0.0468437,2.72,-0.128205128,2.3799,35.76
30/04/2004,292,60.6,59.6,345.5,77.2217,2.1908,0.73,207.47,17.19,0.049219483,2.23,-0.081081081,2.4271,37.38
31/05/2004,293,61.4,58.5,339.25,77.5842,2.1145,0.71,204.32,15.5,0.049552451,2.74,-0.028571429,2.6776,39.88
30/06/2004,294,60.5,58.6,349,78.211,1.9034,0.77,212.94,14.34,0.051802255,2.94,-0.028571429,2.5428,37.05
30/07/2004,295,59.9,58.5,347.25,77.5744,1.7976,0.8,212.53,15.32,0.045747928,2.72,-0.083333333,2.4697,43.8
31/08/2004,296,58.5,57.3,340.75,78.1759,1.7256,0.81,220.33,15.29,0.039933141,2.71,-0.081081081,2.3559,42.12
30/09/2004,297,57.4,57.9,337.25,78.2314,1.5144,0.81,213.06,13.34,0.034307538,2.41,0,2.3725,49.64
29/10/2004,298,56.3,58.8,333.75,78.2864,1.4751,0.73,211.65,16.27,0.04479062,2.16,0.057142857,2.4268,51.76
30/11/2004,299,56.2,58.4,328.75,79.0107,1.3525,0.68,196.08,13.24,0.051009301,2.02,0.088235294,2.6221,49.13
31/12/2004,300,57.2,59.6,328.5,79.1443,1.1531,0.68,188.18,13.29,0.054475349,2.18,0.088235294,2.5897,43.45
31/01/2005,301,56.8,58,340.25,79.6835,0.8564,0.66,176.2,12.82,0.057837481,2.05,0.060606061,2.4913,48.2
28/02/2005,302,55.5,59.4,311.75,79.9972,0.7808,0.62,157.34,12.08,0.057377994,1.86,0.090909091,2.6742,51.75
31/03/2005,303,55.2,58,332,80.4794,0.707,0.66,165.85,14.02,0.052041934,2.02,0.029411765,2.7102,55.4
29/04/2005,304,52.2,55.6,320.25,80.2733,0.5481,0.72,177.24,15.31,0.047398374,2.14,0.058823529,2.6026,49.72
31/05/2005,305,50.8,55.3,327,80.3227,0.4074,0.86,191.9,13.29,0.04273877,1.96,0.029411765,2.3774,51.97
30/06/2005,306,52.4,58.1,325.75,80.3334,0.2799,0.9,189.7,12.04,0.032738238,1.79,0.058823529,2.2739,56.5
29/07/2005,307,52.8,59.5,323.75,80.5403,0.2613,0.89,167.4,11.57,0.037526714,1.88,0.151515152,2.3806,60.57
31/08/2005,308,52.4,61.3,315.75,80.1807,0.2023,0.87,177.63,12.6,0.040293448,2.14,0.176470588,2.373,68.94
30/09/2005,309,56.8,55.7,397.25,80.2946,0.1591,0.9,182.6,11.92,0.041172742,1.88,0.142857143,2.5628,66.24
31/10/2005,310,57.2,57.4,344.25,78.6901,0.1768,0.95,184.94,15.32,0.040868757,2.35,0.108108108,2.5658,59.76
30/11/2005,311,56.7,59.1,317.25,79.576,0.0772,0.97,189.6,12.06,0.041613708,2.48,0.081081081,2.3695,57.32
30/12/2005,312,55.1,59,315.25,80.2756,-0.0085,0.95,181.89,12.07,0.039863112,2.36,0.135135135,2.3368,61.04
31/01/2006,313,55,56.3,295.75,80.6666,-0.0003,0.95,179.48,12.95,0.041025881,2.22,0.171428571,2.5328,67.92
28/02/2006,314,55.8,57.6,290.75,80.655,-0.1236,0.92,164.9,12.34,0.046621317,2.4,0.111111111,2.553,61.41
31/03/2006,315,54.3,56.9,299,80.5513,0.0311,0.88,170.28,11.39,0.049032258,2.5,0.085714286,2.5099,66.63
28/04/2006,316,55.2,58.4,306.75,80.608,0.1922,0.84,168.95,11.59,0.049802065,2.75,0.055555556,2.6722,71.88
31/05/2006,317,53.7,57,332.75,80.8178,0.0856,0.8,166.14,16.44,0.053270753,2.76,0.085714286,2.6605,71.29
30/06/2006,318,52,55.2,307.75,80.6154,-0.0134,0.89,168.36,13.08,0.051474564,2.68,0.083333333,2.6042,73.93
31/07/2006,319,53,55.6,319.5,80.7934,0.0294,0.91,169.06,14.95,0.052094382,2.49,0,2.5756,74.4
31/08/2006,320,53.7,53.9,314.25,80.6211,-0.0496,0.91,174.42,12.31,0.053341696,2.29,-0.075,2.4868,70.26
29/09/2006,321,52.2,54.5,316.5,80.7817,-0.0553,0.92,173.24,11.98,0.052786995,1.89,-0.05,2.3553,62.91
31/10/2006,322,51.4,54.9,315.5,80.4511,-0.0945,0.91,165.19,11.1,0.051438522,1.7,-0.073170732,2.2685,58.73
30/11/2006,323,50.3,54.5,326.25,80.2285,-0.1503,0.87,164.19,10.91,0.053433965,1.88,-0.05,2.3088,63.13
29/12/2006,324,51.4,53.7,323.25,79.9679,-0.1058,0.9,164.78,11.56,0.056067323,1.84,-0.071428571,2.2983,61.05
31/01/2007,325,50.4,55.4,317.25,80.6105,-0.1085,0.94,159.2,10.42,0.058297911,2.13,-0.024390244,2.4245,58.14
28/02/2007,326,54.1,54.2,322.75,80.0023,-0.0766,0.89,159.43,15.42,0.057246118,2.14,0.05,2.3784,61.79
30/03/2007,327,52.8,52.1,306.75,80.6198,0.0699,0.97,175.57,14.64,0.055795136,1.86,0.078947368,2.4427,65.87
30/04/2007,328,52.7,53.4,320.25,80.6111,0.0312,0.92,168.78,14.22,0.058530382,2.19,0.131578947,2.4361,65.71
31/05/2007,329,53.1,54.3,304.25,81.002,-0.0202,0.92,161.21,13.05,0.063371375,2.28,0.078947368,2.3893,64.01
29/06/2007,330,54,54.9,315.75,80.8807,0.1662,0.91,159.56,16.23,0.064352144,2.64,0.051282051,2.3851,70.68
31/07/2007,331,51.8,53.6,313.25,80.7637,0.2214,0.92,189.12,23.52,0.063278008,2.8,0.052631579,2.3964,78.21
31/08/2007,332,52.2,52.7,320,80.6222,0.3972,0.86,206.08,23.38,0.061285544,2.53,0.135135135,2.2717,74.04
28/09/2007,333,53.8,52.6,313.25,80.7225,0.603,0.85,200.35,18,0.067605471,2.4,0.131578947,2.3162,81.66
31/10/2007,334,52.8,53.6,328.25,80.984,0.5256,0.82,199.92,18.53,0.066074283,2.45,0.157894737,2.3562,94.53
30/11/2007,335,51.5,52.8,340.25,80.6186,0.9432,0.96,250.21,22.87,0.060533692,2.3,0.131578947,2.3645,88.71
31/12/2007,336,50.1,52.5,349.25,81.0946,0.9766,1.16,253.68,22.5,0.058825203,1.61,0.102564103,2.3324,95.98
31/01/2008,337,50.9,44.8,338.75,81.126,1.5002,1.21,303.69,26.2,0.056628057,1.58,0.025,2.3187,91.75
29/02/2008,338,48.8,49.9,345.5,80.9476,1.8934,1.29,324.08,26.54,0.055750158,1.13,-0.071428571,2.4398,101.84
31/03/2008,339,49.7,49.4,368,80.7254,1.8272,1.38,349.04,25.61,0.06528269,1.24,-0.048780488,2.3246,101.58
30/04/2008,340,48.5,51.9,359.5,80.5897,1.4742,1.42,314.21,20.79,0.069459773,1.05,-0.069767442,2.2798,113.46
30/05/2008,341,48.9,51.5,366,80.0336,1.4184,1.36,300.05,17.83,0.064684323,1.47,0,2.525,127.35
30/06/2008,342,49.9,48.1,383.25,79.6251,1.3526,1.39,307.1,23.95,0.064326436,1.75,0,2.543,140
31/07/2008,343,50.8,50.1,398,79.4611,1.4383,1.49,326.38,22.94,0.061875644,1.56,0.025,2.307,124.08
29/08/2008,344,50.1,50.6,429.25,79.036,1.4447,1.51,330.84,20.65,0.063822217,1.44,-0.023809524,2.1454,115.46
30/09/2008,345,47.2,49.4,464,77.7935,1.8635,1.66,402.66,39.39,0.054846835,1.27,-0.069767442,1.5857,100.64
31/10/2008,346,38.2,44.7,477.25,74.368,2.405,2.6,558.7,59.89,0.061681864,1.35,-0.090909091,0.9087,67.81
28/11/2008,347,39,37.8,527.25,75.0069,1.9393,3.09,611,55.28,0.074311296,1.74,-0.069767442,0.3562,54.43
31/12/2008,348,34.5,40,564,73.9865,1.448,3.38,585.77,40,0.077529902,0.92,-0.069767442,0.0889,44.6
30/01/2009,349,36.4,43,589.25,71.7426,1.894,3.09,540.97,44.84,0.096772898,0.45,-0.073170732,1.095,41.68
27/02/2009,350,36.6,41.6,644,69.9566,2.043,2.81,522.69,46.35,0.102667626,1.16,-0.051282051,0.9918,44.76
31/03/2009,351,37.2,40.1,659.25,69.4359,1.8669,2.92,578.71,44.14,0.094209105,1.23,-0.128205128,1.3092,49.66
30/04/2009,352,39.9,43.7,627.75,68.2745,2.22,3,512.13,36.5,0.093412407,0.91,-0.175,1.4731,51.12
29/05/2009,353,44.1,44.4,614.5,67.6767,2.5448,2.52,430.06,28.92,0.087747785,1.22,-0.219512195,1.8399,66.31
30/06/2009,354,46.3,46.4,598.25,66.9601,2.4235,1.88,363.74,26.35,0.093524247,1.62,-0.195121951,1.767,69.89
31/07/2009,355,49.7,47.1,562,66.6872,2.3683,1.68,315.04,25.92,0.092277233,1.8,-0.243902439,1.7728,69.45
31/08/2009,356,53.4,48.9,560.25,67.4362,2.4292,1.32,298.25,26.01,0.08638831,1.95,-0.268292683,1.6559,69.96
30/09/2009,357,54.9,50.1,547.5,68.2344,2.3607,1.18,286.47,25.61,0.084244852,1.96,-0.375,1.7721,70.61
30/10/2009,358,57.6,51,523.5,68.8187,2.4937,1.14,288.72,30.69,0.074499625,1.8,-0.425,2.0153,77
30/11/2009,359,55.4,49.5,494,69.1297,2.5346,1.13,300.22,24.51,0.063297018,1.67,-0.475,2.1166,77.28
31/12/2009,360,55.8,49.7,485.5,69.5147,2.7014,1.11,255.32,21.68,0.060327517,1.49,-0.475,2.4073,79.36
29/01/2010,361,56.3,50,485.75,69.8537,2.7726,0.99,261.56,24.62,0.036892398,2.02,-0.552631579,2.3186,72.89
26/02/2010,362,55.5,51.7,485.75,70.8069,2.7999,0.99,261.83,19.5,0.02213817,2.03,-0.567567568,2.1568,79.66
31/03/2010,363,58.8,53.3,470.25,71.2129,2.8099,1,248.43,17.59,0.02452887,2.27,-0.5,2.2591,83.76
30/04/2010,364,58.1,55.3,462,71.8411,2.6929,0.96,241.68,22.05,0.016104368,2.72,-0.424242424,2.3986,86.15
31/05/2010,365,57.4,55.5,461.5,72.2743,2.519,1.09,290.78,32.07,0.019358229,2.73,-0.40625,2.0462,73.97
30/06/2010,366,56.5,54.4,460.5,73.4956,2.3297,1.35,311.89,34.54,0.018893659,2.34,-0.515151515,1.8443,75.63
30/07/2010,367,56.1,54.6,460.5,73.7648,2.3591,1.29,294.48,23.5,0.019997868,2.03,-0.451612903,1.7691,78.95
31/08/2010,368,56.4,52.4,475,74.2356,1.9989,1.17,301.17,26.05,0.020554595,2.04,-0.4,1.5487,71.92
30/09/2010,369,55.3,53.3,453.5,74.5955,2.0876,1.13,307.02,23.7,0.026558837,1.58,-0.2,1.8174,79.97
29/10/2010,370,56.9,55.3,447,74.8797,2.2636,1.04,318.07,21.2,0.030327073,1.71,-0.173913043,2.1518,81.43
30/11/2010,371,57.3,56.4,426.25,74.7737,2.344,1.05,304.32,23.54,0.032851325,1.99,-0.19047619,2.1071,84.11
31/12/2010,372,56.6,56.9,416.5,74.8673,2.7001,1.09,268.65,17.75,0.03162934,2.03,-0.19047619,2.2777,91.38
31/01/2011,373,59.1,57.6,430.25,75.644,2.8084,1.05,272.96,19.53,0.035991714,2.49,0,2.317,92.19
28/02/2011,374,59.2,58,401.5,75.5769,2.747,0.93,256.28,18.35,0.043116392,2.42,0.1875,2.4058,96.97
31/03/2011,375,58.4,55.8,406,75.2522,2.6492,0.9,257.97,17.74,0.044521755,2.34,0.117647059,2.4917,106.72
29/04/2011,376,57.9,55.2,427,75.9846,2.685,0.86,261.37,14.75,0.051521422,2.28,0,2.5722,113.93
31/05/2011,377,54.8,55,422.5,75.6763,2.5922,0.82,263.93,15.45,0.05495677,1.95,0,2.2427,102.7
30/06/2011,378,55.8,54.2,418.25,75.7913,2.7024,0.76,274,16.52,0.05643312,1.55,0.25,2.3832,95.42
29/07/2011,379,52.9,53.5,411.25,75.932,2.4407,0.83,279.39,25.25,0.062905792,1.52,0.176470588,2.4371,95.7
31/08/2011,380,52.6,53.5,409.5,76.2397,2.0239,0.99,325.66,31.62,0.080933708,1.03,0.166666667,2.074,88.81
30/09/2011,381,53.7,52.3,415.5,76.5547,1.6724,1.18,337.46,42.96,0.096762287,0.27,0.1,1.7583,79.2
31/10/2011,382,51.4,52.8,401.75,76.4131,1.8751,1.39,321.67,29.96,0.09527969,-0.06,0.105263158,2.0788,93.19
30/11/2011,383,51.8,52.9,389.25,76.8067,1.8141,1.27,315.2,27.8,0.092996411,0.01,0.294117647,2.0589,100.36
30/12/2011,384,53,52.6,374.5,76.6057,1.6371,1.32,330.38,23.4,0.09619748,-0.09,0.176470588,1.9507,98.83
31/01/2012,385,54.2,57.3,377.75,76.8861,1.5824,1.38,331.25,19.44,0.097668765,-0.35,0.176470588,2.0983,98.48
29/02/2012,386,53.3,55.9,363.25,77.2097,1.6773,1.29,307.05,18.43,0.103409194,-0.48,0,2.2683,107.07
30/03/2012,387,53.5,55.6,364.5,77.2402,1.8801,1.24,300.12,15.5,0.102002926,-0.21,0,2.3398,103.02
30/04/2012,388,55.2,55.3,381.75,76.7353,1.6578,1.23,323.1,17.15,0.100386877,-0.05,0.052631579,2.2632,104.87
31/05/2012,389,53.2,55.1,373.5,77.1696,1.296,1.27,346.38,24.06,0.098735133,-0.4,0.157894737,2.0884,86.53
29/06/2012,390,49.5,53.6,379.75,77.1784,1.3438,1.38,332.51,17.08,0.095113217,-0.7,0.05,2.0968,84.96
31/07/2012,391,49.6,52.1,372.5,77.0278,1.2566,1.47,331.02,18.93,0.092992252,-0.57,0.15,2.177,88.06
31/08/2012,392,49,52.1,373.25,77.0989,1.3279,1.43,328.16,17.47,0.079693034,-0.63,0,2.2602,96.47
28/09/2012,393,50.8,53.8,384.5,76.6028,1.4031,1.35,307.65,15.73,0.064236586,-0.37,-0.045454545,2.4223,92.19
31/10/2012,394,50.5,54.3,368.5,76.5147,1.4087,1.11,287.81,18.6,0.070065165,-0.35,0,2.4971,86.24
30/11/2012,395,48,53.9,403.75,76.5534,1.3695,1.01,295.44,15.87,0.072912637,-0.31,-0.045454545,2.4222,88.91
31/12/2012,396,50.1,55.7,355,76.8008,1.5106,0.98,282.26,18.02,0.073849098,-0.33,0.15,2.4518,91.82
31/01/2013,397,53.3,55.9,353,76.9541,1.7231,0.93,287.52,14.28,0.082168104,-0.14,0.15,2.5644,97.49
28/02/2013,398,54.2,56.6,353,76.7396,1.6413,0.95,293.78,15.51,0.076574633,0.06,0.210526316,2.5419,92.05
29/03/2013,399,51.9,55.9,354.75,77.0716,1.6065,0.92,298.14,12.7,0.071424925,-0.13,0.210526316,2.5179,97.23
30/04/2013,400,51,54.3,347.25,77.2816,1.4643,0.86,285.34,13.52,0.072968744,-0.04,0.1,2.3434,93.46
31/05/2013,401,50.8,54.8,350.5,77.0537,1.8349,0.84,277.18,16.3,0.070719628,-0.04,0,2.1887,91.97
28/06/2013,402,51.1,53.6,344.25,77.0493,2.1303,0.92,292.43,16.86,0.069908539,0.45,0.047619048,1.9899,96.56
31/07/2013,403,53.8,55.2,346,77.124,2.2673,0.98,272.24,13.45,0.068354279,0.85,-0.086956522,2.2046,105.03
30/08/2013,404,54,55.3,332,76.7206,2.3852,0.88,258.61,17.01,0.066891993,0.88,0.095238095,2.1056,107.65
30/09/2013,405,54.6,53.6,314,77.1577,2.2932,0.83,272.91,16.6,0.065962409,1.02,0.095238095,2.1943,102.33
31/10/2013,406,54.6,53.9,358.5,77.4882,2.2492,0.78,267.31,13.75,0.062878773,0.88,0.142857143,2.1653,96.38
29/11/2013,407,55.5,53.1,324.75,77.2874,2.4631,0.75,259.55,13.7,0.067372914,0.87,0.047619048,2.1565,92.72
31/12/2013,408,56.5,53.5,346,77.4494,2.6483,0.76,231.18,13.72,0.061331629,1.02,-0.130434783,2.2318,98.42
31/01/2014,409,52.5,55.2,329,77.6192,2.3163,0.7,243.6,18.41,0.054304788,1.31,-0.043478261,2.1316,97.49
28/02/2014,410,55,53.4,332.25,77.2295,2.3307,0.65,236.24,14,0.057131408,1.02,0,2.182,102.59
31/03/2014,411,55.9,54.9,321.5,77.8131,2.2997,0.68,224.29,13.88,0.064766988,1.08,0.086956522,2.14,101.58
30/04/2014,412,56.6,55.7,322.75,78.487,2.2355,0.65,221.05,13.41,0.061699166,1.06,0.090909091,2.189,99.74
30/05/2014,413,55.7,56,311,78.4423,2.1029,0.6,221.41,11.4,0.063188499,0.81,0.045454545,2.2147,102.71
30/06/2014,414,55,56.8,313.5,78.6377,2.0737,0.55,221.5,11.57,0.065462924,0.52,0.045454545,2.2439,105.37
31/07/2014,415,55.1,56.9,301.75,78.8358,2.0302,0.57,216.94,16.95,0.06498222,0.6,0.095238095,2.2684,98.17
29/08/2014,416,56.3,58,303.75,78.8874,1.8549,0.59,222.69,11.98,0.065688942,0.7,0.043478261,2.1285,95.96
30/09/2014,417,55.7,57.3,295,78.6908,1.9218,0.73,227.31,16.31,0.063002345,0.62,0.043478261,1.9726,91.16
31/10/2014,418,56.2,55.8,285.5,78.818,1.8439,0.77,237.47,14.03,0.061041094,0.76,0.083333333,1.9283,80.54
28/11/2014,419,56.3,58.2,294.5,78.7287,1.6955,0.87,256.6,13.33,0.055697081,0.53,0.272727273,1.8,66.15
31/12/2014,420,55.7,57.2,284.5,79.2428,1.5067,0.95,251.88,19.2,0.058481027,0.46,0.45,1.6801,53.27
30/01/2015,421,54,56.5,286,79.0322,1.1919,1,270.93,20.97,0.05931819,0.56,0.318181818,1.6448,48.24
27/02/2015,422,53.1,57.6,301.25,78.551,1.3746,0.9,247.7,13.34,0.060244226,-0.01,0.304347826,1.8336,49.76
31/03/2015,423,52.3,58.5,284,78.0783,1.368,0.9,258.69,15.29,0.062885989,0.3,0.2,1.7773,47.6
30/04/2015,424,52.1,57.4,286,77.7947,1.4647,0.96,259.06,14.55,0.060744996,0.17,0.333333333,1.929,59.63
29/05/2015,425,52.7,56.6,275.75,77.2778,1.5161,0.91,275.86,13.84,0.059308716,0.22,0.434782609,1.8288,60.3
30/06/2015,426,52.6,55.9,273.75,76.8939,1.7104,0.94,280.43,18.23,0.055765429,0.4,0.434782609,1.8929,59.47
31/07/2015,427,51.9,59.5,272.25,76.5911,1.5195,1.05,297.99,12.12,0.055015641,0.59,0.391304348,1.7453,47.12
31/08/2015,428,50,59,276.5,77.0087,1.4804,1.15,312.87,28.43,0.054076976,0.38,0.291666667,1.6367,49.2
30/09/2015,429,50,55.9,269.5,76.8645,1.4079,1.27,325.04,24.5,0.055649065,0.39,0.291666667,1.4309,45.09
30/10/2015,430,49,56.9,267,76.5609,1.4181,1.39,325.79,15.07,0.057251178,0.15,0.153846154,1.5292,46.59
30/11/2015,431,49.1,56.1,268.5,76.2641,1.2756,1.4,321.64,16.13,0.054868925,0.23,0.035714286,1.6203,41.65
31/12/2015,432,48.8,55.2,271,75.7226,1.2217,1.49,327.06,18.21,0.058862582,0.19,0.068965517,1.576,37.04
29/01/2016,433,47.5,53.9,281.25,75.2731,1.1472,1.45,355.91,20.2,0.057101263,0.17,0.068965517,1.4048,33.62
29/02/2016,434,49.2,52.9,266.75,75.8803,0.961,1.38,360.59,20.55,0.062013722,-0.29,0.033333333,1.4297,33.75
31/03/2016,435,51.4,55.5,263.25,75.3187,1.0476,1.31,313.99,13.95,0.057405349,-0.6,0.066666667,1.6301,38.34
29/04/2016,436,51,55.3,264.25,74.697,1.0517,1.17,289.67,15.7,0.061327974,-0.43,0,1.7079,45.92
31/05/2016,437,51.3,54.1,274.5,74.7409,0.9688,1.03,284.72,14.19,0.064570744,-0.31,0.03030303,1.5797,49.1
30/06/2016,438,52.4,55.8,265.25,74.6427,0.888,1.03,294.39,15.63,0.067458659,-0.39,0.060606061,1.4379,48.33
29/07/2016,439,52.4,55.6,260.5,74.9324,0.7977,0.93,274.69,11.87,0.069037605,-0.77,0.125,1.4903,41.6
31/08/2016,440,49.7,52.9,263.5,75.0813,0.7747,0.92,261.34,13.42,0.069517829,-0.74,0.096774194,1.4694,44.7
30/09/2016,441,51,55.1,248.5,74.9718,0.8325,0.9,263.56,13.29,0.071782628,-0.74,0.064516129,1.6101,48.24
31/10/2016,442,51.8,54.4,258.5,74.9346,0.9846,0.87,262.03,17.06,0.071899725,-0.61,0.2,1.7309,46.86
30/11/2016,443,53.3,56.5,245.75,75.0413,1.2679,0.85,237.18,13.33,0.074537777,-0.32,0.344827586,1.9753,49.44
30/12/2016,444,54.2,55.9,253.25,74.8585,1.256,0.77,231.57,14.04,0.073227532,0.27,0.258064516,1.9714,53.72
31/01/2017,445,55.7,57.1,246.5,75.4682,1.2487,0.74,222.84,11.99,0.070963927,0.25,0.129032258,2.0594,52.81
28/02/2017,446,57.7,56.6,239.75,75.5192,1.1298,0.69,215.33,12.92,0.065678628,0.18,0.032258065,2.0122,54.01
31/03/2017,447,56.8,56.2,248,75.2098,1.1334,0.67,226.26,12.37,0.06442673,0.17,0,1.9848,50.6
28/04/2017,448,55.7,57.3,243.25,75.699,1.0183,0.7,229.98,10.82,0.064503094,0.39,0.0625,1.9209,49.33
31/05/2017,449,56.4,57.7,239.75,76.3643,0.921,0.7,225.2,10.41,0.062331221,0.4,0.029411765,1.8362,48.32
30/06/2017,450,56.1,56.6,241,76.4548,0.922,0.69,205.63,11.18,0.060752019,0.47,-0.028571429,1.7369,46.04
31/07/2017,451,56.5,55.1,242.75,76.5694,0.9451,0.69,205.22,10.26,0.057333624,0.6,-0.111111111,1.8187,50.17
31/08/2017,452,58.5,55.9,239.75,76.5277,0.7915,0.68,216.26,10.59,0.056933457,0.6,-0.029411765,1.7731,47.23
29/09/2017,453,59.9,58.1,262.25,76.1529,0.8509,0.67,202.64,9.51,0.05423363,0.43,0.03030303,1.8543,51.67
31/10/2017,454,58.6,60.3,236.25,76.1375,0.7796,0.72,189.98,10.18,0.052628752,0.64,0,1.8847,54.38
30/11/2017,455,57.9,57.1,238.5,77.2684,0.6277,0.7,188.21,11.28,0.050825601,0.61,-0.128205128,1.8827,57.4
29/12/2017,456,59.2,56.2,237.25,77.6484,0.5224,0.71,178.46,11.04,0.047487899,0.7,-0.179487179,1.9834,60.42
31/01/2018,457,59.4,60.3,234.25,77.8571,0.5644,0.71,159.06,13.54,0.048289373,0.63,-0.171428571,2.1121,64.73
28/02/2018,458,60.8,58.4,221.5,77.6079,0.6106,0.69,172.58,19.85,0.04368461,0.88,-0.0625,2.1191,61.64
30/03/2018,459,59.2,58.6,225.5,77.8178,0.4728,0.77,189.11,19.97,0.041358981,1.01,-0.09375,2.0559,64.94
30/04/2018,460,58.6,57.7,222.5,78.1856,0.4652,0.82,180.69,15.93,0.040185483,0.62,-0.029411765,2.1753,68.57
31/05/2018,461,58.9,58.1,221.25,78.8045,0.4312,0.83,187.51,15.43,0.037967272,0.81,-0.057142857,2.0894,67.04
29/06/2018,462,59.7,58.5,221.75,78.0794,0.3319,0.88,197.99,16.09,0.038880685,0.62,-0.058823529,2.1285,74.15
31/07/2018,463,58,57,219.75,78.5531,0.2904,0.92,184.9,12.83,0.041189864,0.61,0,2.1272,68.76
31/08/2018,464,60.4,59.3,212.5,78.7794,0.2335,0.89,189.96,12.86,0.038985625,0.61,0,2.0903,69.8
28/09/2018,465,59.5,60.3,212.5,79.281,0.2424,0.9,182.88,12.12,0.038363396,0.66,0.029411765,2.1449,73.25
31/10/2018,466,58.3,60.9,214.75,79.2538,0.2766,0.93,198.95,21.23,0.037445239,0.89,-0.027777778,2.062,65.31
30/11/2018,467,58.7,60.1,223,79.2889,0.2014,1,230.21,18.07,0.033982733,1,0.088235294,1.9687,50.93
31/12/2018,468,54.8,58.2,215.75,79.5725,0.1964,1.11,247.58,25.42,0.032753638,0.77,0.21875,1.7139,45.41
31/01/2019,469,55.7,56.5,220,79.4625,0.1717,1.19,244.07,16.57,0.037413322,0.51,0.310344828,1.863,53.79
28/02/2019,470,54.2,58.8,226.5,79.0046,0.2009,1.15,222.32,14.78,0.041128271,0.48,0.266666667,1.9442,57.22
29/03/2019,471,55.3,57,217.25,78.4584,0.145,1.06,225.5,13.71,0.041031131,0.63,0.172413793,1.8749,60.14
30/04/2019,472,53.6,55.6,215,78.3986,0.2357,1.01,216.82,13.12,0.040185759,0.37,0.060606061,1.9497,63.91
31/05/2019,473,52.2,56.2,216.75,77.7643,0.2025,0.96,242.54,18.71,0.040498376,0.44,0.090909091,1.742,53.5
28/06/2019,474,51.3,55,221.5,77.7954,0.2502,1.04,231.49,15.08,0.042777138,0.14,0.15625,1.7003,58.47
31/07/2019,475,51,54.2,212,77.6947,0.1423,0.99,216.3,16.12,0.046771831,-0.12,0.21875,1.7497,58.58
30/08/2019,476,48.4,55.8,216.25,77.424,-0.0079,0.9,227.39,18.98,0.049627809,-0.2,0.181818182,1.5417,55.1
30/09/2019,477,48.3,52.9,212.75,77.8366,0.0429,0.88,219.64,16.24,0.05189483,-0.89,0.057142857,1.5204,54.07
31/10/2019,478,48.3,54.6,214.25,77.4346,0.1671,0.92,225.73,13.22,0.056048172,-0.69,0.028571429,1.5501,54.18
30/11/2019,479,48.2,53.9,219.25,76.9891,0.1639,0.88,207.42,12.62,0.064397424,-0.62,-0.054054054,1.633,55.17
31/12/2019,480,47.7,55.6,225.25,77.5723,0.3484,0.87,195.25,13.78,0.069861063,-0.54,-0.051282051,1.786,61.06
31/01/2020,481,51.1,55.9,210,77.1697,0.1936,0.83,214.32,18.84,0.066208998,-0.34,-0.026315789,1.6408,51.56
28/02/2020,482,50.3,56.7,214,76.8754,0.2356,0.83,242.14,40.11,0.066672204,-0.75,0,1.4301,44.76
31/03/2020,483,49.7,53.6,2344,76.9258,0.424,1.27,394.09,53.54,0.067882234,-1.21,0.088235294,0.9269,20.48
30/04/2020,484,41.7,41.6,4667.75,73.5576,0.4437,1.7,325.44,34.15,0.101646178,-1.42,0,1.0694,18.84
29/05/2020,485,43.1,45.4,1989,64.2366,0.4923,1.46,314.74,27.51,0.169508739,-0.79,-0.083333333,1.1432,35.49
30/06/2020,486,52.2,56.5,1476.25,64.8113,0.5076,1.24,290.42,30.43,0.219492247,-0.57,-0.054054054,1.3387,39.27
31/07/2020,487,53.7,56.6,1295.5,68.8723,0.4228,1.17,262.18,24.46,0.229082157,-0.53,-0.025641026,1.5545,40.27
31/08/2020,488,55.6,57.2,887.5,71.7855,0.5739,1.02,274.03,26.41,0.232665639,-1.04,0,1.8049,42.61
30/09/2020,489,55.7,57.2,851,72.4964,0.557,1.05,271.11,26.37,0.230473666,-1.03,-0.054054054,1.6327,40.22
30/10/2020,490,58.8,56.2,791,72.4544,0.7212,1.09,258.63,38.02,0.237849382,-1.03,-0.027777778,1.7078,35.79
30/11/2020,491,57.7,56.8,735.25,73.2399,0.6904,1,231.45,20.57,0.237149248,-0.74,0,1.7899,45.34
31/12/2020,492,60.5,57.7,823,73.9102,0.7921,0.9,221.68,22.75,0.242933186,-0.81,0,1.9868,48.52
29/01/2021,493,58.7,58.7,865.75,74.6682,0.9562,0.79,217.45,33.09,0.247679251,-0.71,-0.081081081,2.1019,52.2
26/02/2021,494,60.8,55.3,804.5,75.3393,1.2779,0.72,225.51,27.95,0.257540558,-0.34,-0.105263158,2.1489,61.5
31/03/2021,495,64.7,63.7,721.5,73.356,1.5801,0.7,203.13,19.4,0.269940672,0.12,-0.081081081,2.3741,59.16
30/04/2021,496,60.7,64.3,611.75,74.3914,1.4675,0.71,199.41,18.61,0.242402103,0.09,-0.028571429,2.4063,63.58
