Date,XLB,XLE,XLF,XLI,XLK,XLP,XLU,XLV,XLY,SPY
1998-01-31,,,,,,,,,,60.322505950927734
1998-02-28,,,,,,,,,,64.50252532958984
1998-03-31,,,,,,,,,,67.64918518066406
1998-04-30,,,,,,,,,,68.5145034790039
1998-05-31,,,,,,,,,,67.09156799316406
1998-06-30,,,,,,,,,,69.94783782958984
1998-07-31,,,,,,,,,,69.00259399414062
1998-08-31,,,,,,,,,,59.26084899902344
1998-09-30,,,,,,,,,,63.03217697143555
1998-10-31,,,,,,,,,,68.14286804199219
1998-11-30,,,,,,,,,,71.93721008300781
1998-12-31,6.018315315246582,5.755894184112549,11.223313331604004,15.226346015930176,12.13840389251709,14.332375526428223,5.911737442016602,17.43966293334961,9.621111869812012,76.64346313476562
1999-01-31,5.795252323150635,5.378331184387207,11.417853355407715,15.061687469482422,14.068449974060059,14.142705917358398,5.76508903503418,18.278106689453125,10.115981101989746,79.3432846069336
1999-02-28,5.885336875915527,5.332097053527832,11.597417831420898,15.197287559509277,12.673235893249512,13.994280815124512,5.606223106384277,18.299068450927734,10.052690505981445,76.7988510131836
1999-03-31,5.991207599639893,6.085907459259033,11.973305702209473,15.516505241394043,13.615007400512695,13.977684020996094,5.252542972564697,18.781179428100586,10.541726112365723,79.98355865478516
1999-04-30,7.471799373626709,6.986805438995361,12.81353759765625,17.84981918334961,13.696390151977539,13.490273475646973,5.759960174560547,19.451929092407227,10.81822395324707,83.0208969116211
1999-05-31,6.7917609214782715,6.836013317108154,12.040822982788086,17.49981689453125,13.742901802062988,13.349852561950684,5.827615737915039,18.854536056518555,10.328584671020508,81.12257385253906
1999-06-30,7.184248447418213,6.975564002990723,12.563211441040039,18.57345199584961,15.062542915344238,13.585591316223145,6.0675740242004395,19.68250274658203,10.994305610656738,85.61503601074219
1999-07-31,7.10221529006958,7.107692718505859,11.795889854431152,17.89203643798828,14.888139724731445,13.0796537399292,6.086137771606445,19.095590591430664,10.17520809173584,82.95909118652344
1999-08-31,6.782722473144531,7.185415744781494,11.276808738708496,18.038061141967773,15.411347389221191,13.303593635559082,5.795292377471924,18.23618507385254,9.782968521118164,82.52945709228516
1999-09-30,6.570006847381592,6.854954719543457,10.688037872314453,17.94502830505371,15.347402572631836,12.103461265563965,5.942676067352295,17.984651565551758,9.640969276428223,80.68594360351562
1999-10-31,6.725917339324951,6.7534565925598145,12.348602294921875,17.554927825927734,15.812470436096191,13.209063529968262,5.97385835647583,18.896461486816406,10.49588680267334,85.85617065429688
1999-11-30,6.630637168884277,6.7417426109313965,11.805150985717773,17.16481590270996,17.364660263061523,13.250630378723145,5.777432918548584,19.116546630859375,10.501663208007812,87.28575134277344
1999-12-31,7.397872447967529,6.789031982421875,11.522723197937012,18.554641723632812,20.045032501220703,12.288888931274414,5.651120185852051,20.841339111328125,11.498054504394531,92.27059173583984
2000-01-31,6.493255138397217,6.843845367431641,11.181808471679688,17.036991119384766,18.81256675720215,12.397271156311035,5.550710201263428,20.314237594604492,10.069470405578613,87.67672729492188
2000-02-29,5.84088659286499,6.554119110107422,9.984844207763672,16.097015380859375,20.789167404174805,10.946616172790527,4.876088619232178,18.9859619140625,9.508450508117676,86.34171295166016
2000-03-31,6.430189609527588,7.369608402252197,11.808314323425293,18.33782958984375,22.533233642578125,11.35813045501709,5.408737659454346,20.693756103515625,10.854059219360352,94.7094955444336
2000-04-30,6.216574668884277,7.259613037109375,11.922368049621582,18.602745056152344,20.463605880737305,11.960333824157715,5.762784004211426,20.451278686523438,10.628049850463867,91.38330078125
2000-05-31,6.020401954650879,8.112066268920898,12.18848705291748,18.52425193786621,18.335859298706055,12.813446998596191,5.750142574310303,19.903099060058594,10.054347038269043,89.94644927978516
2000-06-30,5.505587100982666,7.665773868560791,11.597333908081055,17.79566764831543,20.161306381225586,13.538847923278809,5.554824352264404,19.945280075073242,9.510387420654297,91.7167739868164
2000-07-31,5.553766250610352,7.373663902282715,12.619729042053223,18.07095718383789,19.09162139892578,13.04423713684082,5.640826225280762,19.650104522705078,9.661343574523926,90.27661895751953
2000-08-31,5.680785179138184,8.178935050964355,13.90153694152832,19.8603572845459,21.033342361450195,12.884952545166016,5.860598087310791,20.345870971679688,9.260733604431152,96.17535400390625
2000-09-30,5.123884677886963,8.313400268554688,14.203754425048828,19.2835693359375,17.254545211791992,13.455710411071777,6.635030746459961,19.607938766479492,9.272076606750488,90.89895629882812
2000-10-31,5.573270320892334,8.087430000305176,14.081305503845215,19.71735191345215,16.2662410736084,14.389781951904297,7.020414352416992,19.903099060058594,9.155658721923828,90.47372436523438
2000-11-30,5.43228816986084,7.663236618041992,13.361934661865234,19.046958923339844,12.929281234741211,14.886266708374023,7.017205238342285,18.089906692504883,8.928665161132812,83.71961975097656
2000-12-31,6.197638034820557,8.445613861083984,14.502079010009766,19.7994327545166,11.650307655334473,15.427759170532227,6.921448707580566,18.388391494750977,9.557868003845215,83.2820816040039
2001-01-31,6.0321831703186035,8.176499366760254,14.467671394348145,19.875463485717773,13.878046989440918,14.302923202514648,6.5319695472717285,19.717761993408203,10.669334411621094,86.98469543457031
2001-02-28,6.110298156738281,8.077252388000488,13.494318962097168,18.6843318939209,10.421555519104004,14.389350891113281,6.667531490325928,19.33987045288086,9.907508850097656,78.68743133544922
2001-03-31,5.804293632507324,7.836281776428223,13.090128898620605,16.894939422607422,9.227229118347168,13.391341209411621,6.571948528289795,18.101530075073242,9.763033866882324,74.27802276611328
2001-04-30,6.42337703704834,8.645440101623535,13.563624382019043,18.826513290405273,10.719207763671875,13.651363372802734,6.88909912109375,19.437877655029297,10.215819358825684,80.62434387207031
2001-05-31,6.6704325675964355,8.563758850097656,14.160420417785645,19.61438751220703,10.280172348022461,13.851805686950684,6.937408447265625,20.180299758911133,10.459053039550781,80.17239379882812
2001-06-30,6.440219879150391,7.783334255218506,14.059085845947266,18.402456283569336,10.481086730957031,13.211113929748535,6.589321136474609,19.95233917236328,10.376690864562988,78.26192474365234
2001-07-31,6.422698974609375,7.693576812744141,13.925419807434082,18.36425018310547,9.755559921264648,13.613271713256836,6.530090808868408,19.553964614868164,10.837965965270996,77.46399688720703
2001-08-31,6.396424770355225,7.367882251739502,13.004646301269531,17.733850479125977,8.564949035644531,13.678481101989746,6.297400951385498,18.5614070892334,9.889174461364746,72.86782836914062
2001-09-30,5.6388068199157715,6.658847808837891,12.27189826965332,15.135503768920898,7.162264823913574,13.661993980407715,6.237215042114258,15.873862266540527,8.6400146484375,66.91962432861328
2001-10-31,5.79152250289917,6.927056789398193,12.097865104675293,15.40407943725586,7.943599700927734,13.574764251708984,5.908935546875,15.954923629760742,9.095148086547852,67.79103088378906
2001-11-30,6.5257415771484375,6.540215492248535,12.883502960205078,16.94512367248535,9.130492210388184,14.174458503723145,5.834328651428223,17.80574607849121,10.306326866149902,73.07722473144531
2001-12-31,6.330300331115723,6.914167404174805,13.134450912475586,17.712453842163086,8.929572105407715,13.896223068237305,6.02130651473999,18.236539840698242,10.774590492248535,73.48933410644531
2002-01-31,6.478065013885498,6.668156623840332,12.984631538391113,16.59343910217285,8.832833290100098,13.803215026855469,5.804337978363037,18.101207733154297,11.128718376159668,72.76921844482422
2002-02-28,6.820883750915527,6.896035194396973,12.759897232055664,17.009069442749023,7.683154582977295,14.093181610107422,5.793597221374512,18.933513641357422,11.189001083374023,71.4639892578125
2002-03-31,7.030635356903076,7.506508827209473,13.604096412658691,17.4692325592041,8.062664031982422,14.32045841217041,6.102523326873779,20.031932830810547,11.33134651184082,73.84165954589844
2002-04-30,6.698526859283447,7.2362871170043945,13.258355140686035,16.26356315612793,7.08784818649292,13.788235664367676,5.732212066650391,19.910066604614258,11.014492988586426,69.54739379882812
2002-05-31,7.030635356903076,7.108968257904053,13.21827220916748,16.334115982055664,6.793914794921875,13.634607315063477,5.684571266174316,20.187631607055664,10.95790958404541,69.13468170166016
2002-06-30,6.910890579223633,6.848594665527344,12.652889251708984,15.332334518432617,5.886077880859375,12.245253562927246,5.3022356033325195,18.74359703063965,10.380751609802246,64.03204345703125
2002-07-31,6.1271209716796875,5.899721145629883,11.600996971130371,14.464469909667969,5.327980995178223,11.722420692443848,4.5216569900512695,18.201871871948242,9.141260147094727,58.98505401611328
2002-08-31,6.0943379402160645,5.988596439361572,11.817418098449707,14.239457130432129,5.283331871032715,11.815975189208984,4.700947284698486,18.3779296875,9.417119979858398,59.38621520996094
2002-09-30,5.303339004516602,5.561276435852051,10.4591703414917,12.596251487731934,4.401534557342529,10.961871147155762,4.131916522979736,17.239553451538086,8.577584266662598,53.15944290161133
2002-10-31,5.606128692626953,5.6637797355651855,11.415526390075684,13.215731620788574,5.491690158843994,11.388384819030762,4.036754131317139,18.244857788085938,9.156485557556152,57.53357696533203
2002-11-30,6.280663967132568,5.897686958312988,11.840570449829102,13.906201362609863,6.362321376800537,11.072657585144043,4.154049396514893,18.80864143371582,9.580256462097168,61.08232498168945
2002-12-31,5.992992877960205,5.899060249328613,11.198949813842773,13.359966278076172,5.521434783935547,11.103903770446777,4.288644313812256,18.101787567138672,8.764056205749512,57.626895904541016
2003-01-31,5.69394588470459,5.75111722946167,11.056422233581543,12.63973617553711,5.3908610343933105,10.725235939025879,4.187863349914551,18.04042625427246,8.472039222717285,56.20958709716797
2003-02-28,5.542914390563965,5.920192718505859,10.715354919433594,12.44507884979248,5.416975975036621,10.396683692932129,3.963916301727295,17.638172149658203,8.434117317199707,55.45193862915039
2003-03-31,5.577140808105469,5.927418231964111,10.615254402160645,12.577323913574219,5.334900379180908,10.397920608520508,4.164719581604004,18.26691246032715,8.632390022277832,55.57061767578125
2003-04-30,6.080843448638916,5.876959323883057,11.949831008911133,13.938616752624512,5.8236212730407715,10.705883979797363,4.5246076583862305,18.868518829345703,9.642606735229492,60.27252197265625
2003-05-31,6.268972873687744,6.501039505004883,12.558317184448242,14.316383361816406,6.323533535003662,11.232218742370605,4.981820106506348,19.258195877075195,10.155303955078125,63.577632904052734
2003-06-30,6.325538635253906,6.417556285858154,12.611516952514648,14.615407943725586,6.368304252624512,11.339401245117188,5.0494208335876465,20.10873031616211,10.30252742767334,64.2548599243164
2003-07-31,6.822915077209473,6.190740585327148,13.161175727844238,15.09844970703125,6.566031455993652,11.322522163391113,4.7115797996521,19.807064056396484,10.492685317993164,65.41320037841797
2003-08-31,7.012097358703613,6.585665702819824,13.007071495056152,15.685945510864258,6.879405498504639,11.513772010803223,4.80517053604126,19.073467254638672,11.028915405273438,66.76235961914062
2003-09-30,6.696247577667236,6.44987154006958,13.122391700744629,15.25687313079834,6.819719314575195,11.468489646911621,5.044096946716309,19.12311553955078,10.502591133117676,66.03428649902344
2003-10-31,7.334280014038086,6.511556148529053,14.031301498413086,16.200197219848633,7.319633483886719,11.987728118896484,5.078643798828125,19.253753662109375,11.458412170410156,69.56887817382812
2003-11-30,7.49992036819458,6.562509536743164,13.979658126831055,16.521175384521484,7.424091339111328,12.128830909729004,5.09016227722168,19.666336059570312,11.561225891113281,70.32864379882812
2003-12-31,8.235138893127441,7.421701431274414,14.613722801208496,17.616138458251953,7.656877517700195,12.344578742980957,5.423666954040527,20.804391860961914,12.024283409118652,73.86711120605469
2004-01-31,7.871053695678711,7.588724136352539,15.091658592224121,17.793874740600586,7.98374080657959,12.344578742980957,5.5352582931518555,21.377126693725586,11.955547332763672,75.32744598388672
2004-02-29,8.281418800354004,7.987419605255127,15.522855758666992,17.662220001220703,7.780861854553223,13.047391891479492,5.639873504638672,21.604833602905273,12.215201377868652,76.34969329833984
2004-03-31,8.090466499328613,7.937488555908203,15.342567443847656,17.446163177490234,7.574216365814209,13.015063285827637,5.6999993324279785,20.70412254333496,12.139819145202637,75.33836364746094
2004-04-30,7.715820789337158,8.07275676727295,14.674598693847656,17.439559936523438,7.284927845001221,13.185713768005371,5.456249713897705,21.34745979309082,12.002169609069824,73.91288757324219
2004-05-31,7.932562828063965,8.048409461975098,14.925086975097656,17.86893653869629,7.570464134216309,13.111766815185547,5.521871566772461,21.278274536132812,12.078643798828125,75.17848205566406
2004-06-30,8.33057689666748,8.5503511428833,14.991105079650879,18.971900939941406,7.777100563049316,13.183700561523438,5.617504596710205,21.198820114135742,12.109859466552734,76.56939697265625
2004-07-31,8.140822410583496,8.813814163208008,14.671137809753418,18.44232749938965,7.303715229034424,12.532795906066895,5.7026190757751465,20.061176300048828,11.650426864624023,74.1024398803711
2004-08-31,8.27769660949707,8.678007125854492,15.14846420288086,18.45556640625,6.9806060791015625,12.755472183227539,5.934316635131836,20.387210845947266,11.627453804016113,74.28296661376953
2004-09-30,8.610371589660645,9.525238990783691,15.009034156799316,18.852313995361328,7.1834893226623535,12.419520378112793,5.971984386444092,20.030725479125977,11.962750434875488,75.02851104736328
2004-10-31,8.529108047485352,9.582504272460938,15.088140487670898,19.044963836669922,7.499080657958984,12.499797821044922,6.262836456298828,19.58544158935547,12.445865631103516,75.9952621459961
2004-11-30,9.222941398620605,10.228796005249023,15.557503700256348,20.24066162109375,7.88230037689209,12.809422492980957,6.541769027709961,19.968114852905273,12.967318534851074,79.37837982177734
2004-12-31,9.346268653869629,9.940267562866211,16.200712203979492,20.74324607849121,8.088544845581055,13.288379669189453,6.702887058258057,21.069231033325195,13.573081970214844,81.76933288574219
2005-01-31,9.060189247131348,10.276902198791504,15.850491523742676,20.16240882873535,7.63258171081543,13.443829536437988,6.844887733459473,20.41322898864746,12.992318153381348,79.93600463867188
2005-02-28,9.773811340332031,12.001124382019043,15.744369506835938,20.396080017089844,7.644078731536865,13.426559448242188,6.991703510284424,21.027355194091797,12.923079490661621,81.60697937011719
2005-03-31,9.514041900634766,11.771978378295898,15.14533519744873,20.38714027404785,7.494647026062012,13.308903694152832,7.069019317626953,20.910017013549805,12.772061347961426,80.11416625976562
2005-04-30,8.835813522338867,11.13491439819336,15.172005653381348,19.643470764160156,7.230266094207764,13.170150756835938,7.287275791168213,21.63829803466797,11.959364891052246,78.61319732666016
2005-05-31,8.779033660888672,11.445209503173828,15.62012004852295,20.26654052734375,7.732206344604492,13.47656536102295,7.282425880432129,21.911405563354492,12.698884963989258,81.146484375
2005-06-30,8.60330581665039,12.243992805480957,15.814825057983398,19.732694625854492,7.63258171081543,13.21619701385498,7.71597957611084,21.795543670654297,12.644140243530273,81.26939392089844
2005-07-31,9.078800201416016,13.111682891845703,16.061674118041992,20.48493194580078,8.06555461883545,13.640277862548828,7.8895649909973145,22.287227630615234,13.361592292785645,84.37890625
2005-08-31,8.698407173156738,13.94906234741211,15.798725128173828,20.0013484954834,7.988927364349365,13.40209674835205,7.940909385681152,22.2099666595459,12.921870231628418,83.5879135131836
2005-09-30,8.765365600585938,14.825953483581543,15.933932304382324,20.33650779724121,8.008079528808594,13.591666221618652,8.2766695022583,22.086883544921875,12.55461597442627,84.25871276855469
2005-10-31,8.784490585327148,13.48617935180664,16.419723510742188,20.046558380126953,7.824162006378174,13.527448654174805,7.7470622062683105,21.410541534423828,12.299576759338379,82.26593780517578
2005-11-30,9.457035064697266,13.687836647033691,17.2023868560791,21.213077545166016,8.318439483642578,13.650056838989258,7.734744548797607,21.671220779418945,12.790327072143555,85.88172912597656
2005-12-31,9.727614402770996,13.934161186218262,17.205886840820312,21.313417434692383,8.062944412231445,13.666017532348633,7.801202297210693,22.421045303344727,12.680859565734863,85.71737670898438
2006-01-31,10.19664192199707,15.969855308532715,17.358003616333008,21.374462127685547,8.332996368408203,13.689481735229492,7.990083694458008,22.71085548400879,12.906129837036133,87.77578735351562
2006-02-28,9.978191375732422,14.4963960647583,17.727439880371094,22.03924560546875,8.352286338806152,13.806835174560547,8.094459533691406,22.97238540649414,12.999340057373047,88.27836608886719
2006-03-31,10.44355297088623,15.111588478088379,17.778823852539062,23.014015197753906,8.54132080078125,13.920689582824707,7.719562530517578,22.678918838500977,13.075823783874512,89.73529815673828
2006-04-30,10.814805030822754,15.872726440429688,18.54897117614746,23.511058807373047,8.429443359375,14.056360244750977,7.842252254486084,21.976856231689453,13.24286937713623,90.86882019042969
2006-05-31,10.378987312316895,15.431044578552246,17.849824905395508,23.10932159423828,7.881626129150391,14.085846900939941,7.9699506759643555,21.515918731689453,13.021439552307129,88.13178253173828
2006-06-30,10.4325532913208,15.822709083557129,17.76726722717285,23.07964324951172,7.843050479888916,14.34509563446045,8.15282154083252,21.523426055908203,12.998652458190918,88.36164093017578
2006-07-31,10.042552947998047,16.352458953857422,18.1738224029541,21.768997192382812,7.638579368591309,14.570442199707031,8.544173240661621,22.697816848754883,12.566536903381348,88.75733184814453
2006-08-31,10.344801902770996,15.521592140197754,18.388086318969727,22.014751434326172,8.174825668334961,15.133805274963379,8.778992652893066,23.34551429748535,12.815683364868164,90.69425964355469
2006-09-30,10.343372344970703,14.953676223754883,19.128259658813477,22.855257034301758,8.504562377929688,15.12618637084961,8.6513032913208,23.703767776489258,13.63213062286377,93.14315795898438
2006-10-31,10.964494705200195,15.591546058654785,19.5757999420166,23.499649047851562,8.840880393981934,15.394380569458008,9.10944652557373,23.782333374023438,14.513638496398926,96.07870483398438
2006-11-30,11.441778182983398,16.92884635925293,19.713930130004883,24.07548713684082,9.09215259552002,15.263254165649414,9.35124683380127,23.753761291503906,14.696952819824219,97.9892578125
2006-12-31,11.514057159423828,16.4518985748291,20.455839157104492,24.194103240966797,9.04317855834961,15.64619255065918,9.4310884475708,24.00206184387207,15.015667915344238,99.29949188232422
2007-01-31,11.980049133300781,16.300373077392578,20.645151138305664,24.698577880859375,9.225907325744629,15.963665008544922,9.397697448730469,24.73309326171875,15.446248054504395,100.79295349121094
2007-02-28,12.30061149597168,15.966452598571777,20.015993118286133,24.422151565551758,8.977083206176758,15.718073844909668,9.89596176147461,24.15972137451172,14.984354972839355,98.81570434570312
2007-03-31,12.591056823730469,16.970388412475586,19.921354293823242,24.62042999267578,9.066502571105957,16.042869567871094,10.251506805419922,24.206892013549805,14.913519859313965,99.96084594726562
2007-04-30,12.779669761657715,17.840309143066406,20.692930221557617,25.763141632080078,9.494168281555176,16.494354248046875,10.755043029785156,25.97654151916504,15.26645278930664,104.388671875
2007-05-31,13.53414249420166,19.22823143005371,21.190542221069336,27.09978675842285,9.972378730773926,16.717084884643555,10.804104804992676,26.42256736755371,15.725273132324219,107.9295654296875
2007-06-30,13.462160110473633,19.4788818359375,20.339448928833008,27.107114791870117,9.959930419921875,16.383989334106445,10.291208267211914,25.538005828857422,15.450556755065918,106.35152435302734
2007-07-31,13.103165626525879,19.481700897216797,18.495513916015625,27.36402130126953,9.940473556518555,15.917598724365234,9.880393028259277,24.322940826416016,14.535234451293945,103.02169799804688
2007-08-31,13.013422012329102,19.71605110168457,18.973363876342773,27.370960235595703,10.131113052368164,16.293134689331055,10.036394119262695,24.879852294921875,14.625579833984375,104.34371948242188
2007-09-30,14.061482429504395,21.174869537353516,19.436553955078125,28.667739868164062,10.513911247253418,17.04168128967285,10.421418190002441,25.656076431274414,14.496923446655273,108.38333892822266
2007-10-31,14.645848274230957,21.71274185180664,19.1024227142334,28.29788589477539,11.071378707885742,17.303577423095703,11.115303993225098,26.135089874267578,14.426078796386719,109.85371398925781
2007-11-30,13.907883644104004,20.798358917236328,17.556331634521484,27.4953670501709,10.237126350402832,17.778657913208008,11.188621520996094,26.468948364257812,13.638838768005371,105.59879302978516
2007-12-31,14.057003021240234,22.520736694335938,16.533283233642578,27.45865821838379,10.44097900390625,17.631107330322266,11.168346405029297,25.72049331665039,12.963293075561523,104.4096908569336
2008-01-31,13.467081069946289,19.753536224365234,16.653303146362305,25.94408416748047,9.10550594329834,16.65160369873047,10.347798347473145,24.547739028930664,12.915724754333496,98.09693145751953
2008-02-29,13.777213096618652,21.584152221679688,14.761665344238281,25.418188095092773,8.674708366394043,16.608747482299805,9.923023223876953,23.892173767089844,12.416217803955078,95.56185913085938
2008-03-31,13.583527565002441,21.079879760742188,14.327645301818848,26.34103775024414,8.774994850158691,17.14685821533203,10.082311630249023,22.806482315063477,12.194404602050781,94.70732879638672
2008-04-30,14.307168006896973,23.26870346069336,15.330065727233887,27.11577606201172,9.323430061340332,17.017606735229492,10.597859382629395,23.033306121826172,12.484184265136719,99.22129821777344
2008-05-31,15.051093101501465,24.478397369384766,14.264283180236816,27.355253219604492,9.930630683898926,17.534591674804688,10.977874755859375,23.472305297851562,12.8255615234375,100.72122192382812
2008-06-30,14.17567253112793,25.25079345703125,11.775243759155273,24.065641403198242,9.000391006469727,16.53521156311035,10.895941734313965,22.479204177856445,11.346221923828125,92.3033218383789
2008-07-31,13.717084884643555,21.232587814331055,12.571501731872559,24.256689071655273,8.780386924743652,16.936994552612305,10.194530487060547,23.486289978027344,11.366143226623535,91.47392272949219
2008-08-31,13.503073692321777,21.303926467895508,12.44945240020752,24.921833038330078,8.93753719329834,17.394428253173828,10.082096099853516,23.971445083618164,12.150979042053223,92.88752746582031
2008-09-30,11.413135528564453,18.12307357788086,11.671021461486816,21.913333892822266,7.824990272521973,17.176782608032227,8.974827766418457,22.19011116027832,11.15432357788086,84.13996887207031
2008-10-31,8.857137680053711,14.71605110168457,9.112665176391602,17.914865493774414,6.563532829284668,15.01101016998291,7.808071136474609,19.642498016357422,9.187323570251465,70.24117279052734
2008-11-30,7.910599231719971,14.395383834838867,7.428613662719727,16.442113876342773,6.011642932891846,14.979898452758789,8.134869575500488,18.401918411254883,8.191831588745117,65.35193634033203
2008-12-31,7.865048408508301,13.747711181640625,7.456152439117432,16.824575424194336,6.1072211265563965,14.982287406921387,7.939553737640381,19.72502326965332,8.689142227172852,65.99212646484375
2009-01-31,7.283993721008301,13.50308895111084,5.502780914306641,14.805915832519531,5.817910671234131,13.902705192565918,7.925878524780273,19.48729133605957,7.766654968261719,60.5732307434082
2009-02-28,6.699475288391113,11.836785316467285,4.526096343994141,12.284381866455078,5.595972061157227,12.779191970825195,6.933095455169678,17.07274055480957,7.061694145202637,54.064701080322266
2009-03-31,7.728483200073242,12.282355308532715,5.2993245124816895,13.367527961730957,6.22165584564209,13.322104454040527,7.064984321594238,18.09809112548828,7.958358287811279,58.56887435913086
2009-04-30,8.932469367980957,13.242725372314453,6.454227447509766,15.782825469970703,6.870903968811035,13.89034652709961,7.147937774658203,18.075668334960938,9.432580947875977,64.38745880126953
2009-05-31,9.45443058013916,14.949410438537598,7.3564982414245605,16.312307357788086,7.03023099899292,14.597489356994629,7.402336597442627,19.309106826782227,9.363726615905762,68.15113830566406
2009-06-30,9.02546215057373,13.970391273498535,7.225142955780029,16.034305572509766,7.286110877990723,14.626521110534668,7.799963474273682,19.76677131652832,9.387456893920898,68.10649108886719
2009-07-31,10.186882019042969,14.717615127563477,7.866032123565674,17.436214447021484,7.882284641265869,15.599932670593262,8.093613624572754,20.938798904418945,10.278206825256348,73.1876449584961
2009-08-31,10.428260803222656,14.877521514892578,8.887833595275879,18.268587112426758,8.010321617126465,15.790788650512695,8.174715995788574,21.502277374267578,10.6402006149292,75.89118194580078
2009-09-30,10.868504524230957,15.746722221374512,9.060937881469727,19.33435821533203,8.381390571594238,16.313608169555664,8.28736400604248,21.63455581665039,11.209329605102539,78.58206939697266
2009-10-31,10.306462287902832,16.1351261138916,8.521163940429688,18.563617706298828,8.276972770690918,16.550691604614258,8.021760940551758,21.18179702758789,10.944090843200684,77.07128143310547
2009-11-30,11.41650104522705,16.593637466430664,8.891122817993164,20.19316291809082,8.734793663024902,17.159408569335938,8.408859252929688,23.151317596435547,11.678595542907715,81.81939697265625
2009-12-31,11.65269660949707,16.73973846435547,8.765852928161621,20.531227111816406,9.241745948791504,17.121408462524414,8.868939399719238,23.57511329650879,12.214252471923828,83.38223266601562
2010-01-31,10.646023750305176,16.002731323242188,8.631926536560059,20.228313446044922,8.447755813598633,16.94676971435547,8.442935943603516,23.734453201293945,11.861407279968262,80.35192108154297
2010-02-28,11.126402854919434,16.484275817871094,8.93630313873291,21.306964874267578,8.741976737976074,17.483627319335938,8.331432342529297,23.82550811767578,12.521966934204102,82.85846710205078
2010-03-31,12.007187843322754,16.94862174987793,9.731534004211426,23.159170150756836,9.339910507202148,18.142314910888672,8.55559253692627,24.461027145385742,13.499542236328125,87.90288543701172
2010-04-30,12.031962394714355,17.652856826782227,9.859658241271973,24.145139694213867,9.457162857055664,17.947446823120117,8.780586242675781,23.509374618530273,14.313460350036621,89.26272583007812
2010-05-31,10.885055541992188,15.631508827209473,8.956671714782715,21.943384170532227,8.749594688415527,17.11600112915039,8.295982360839844,21.979145050048828,13.30633544921875,82.17037963867188
2010-06-30,10.08694839477539,14.705259323120117,8.44356918334961,20.434728622436523,8.2774076461792,16.682720184326172,8.237738609313965,21.578182220458984,12.01306438446045,77.9188232421875
2010-07-31,11.381150245666504,15.936624526977539,8.99383544921875,22.56536865234375,8.894158363342285,17.65097427368164,8.852800369262695,21.861299514770508,12.96570110321045,83.24071502685547
2010-08-31,11.036267280578613,15.155186653137207,8.290717124938965,21.000913619995117,8.395082473754883,17.323862075805664,8.981056213378906,21.501663208007812,12.45020580291748,79.49652099609375
2010-09-30,11.89212417602539,16.670028686523438,8.793441772460938,23.421648025512695,9.374252319335938,18.369855880737305,9.241046905517578,23.45042610168457,13.822410583496094,86.61580657958984
2010-10-31,12.624950408935547,17.615638732910156,8.922127723693848,24.095544815063477,9.915858268737793,18.956270217895508,9.341171264648438,23.973430633544922,14.587791442871094,89.92469787597656
2010-11-30,12.766435623168945,18.647483825683594,8.860854148864746,24.417516708374023,9.752970695495605,18.65976333618164,9.058462142944336,23.28121566772461,14.955999374389648,89.92469787597656
2010-12-31,14.047910690307617,20.385135650634766,9.809338569641113,26.24314308166504,10.294811248779297,19.480724334716797,9.33975601196289,24.352909088134766,15.568573951721191,95.9364013671875
2011-01-31,14.058877944946289,21.848695755004883,10.086090087890625,27.274215698242188,10.621758460998535,19.194927215576172,9.45300006866455,24.49207305908203,15.472860336303711,98.17169189453125
2011-02-28,14.431927680969238,23.45858383178711,10.362841606140137,27.853715896606445,10.854710578918457,19.75323486328125,9.569225311279297,25.257442474365234,16.400894165039062,101.58190155029297
2011-03-31,14.68508243560791,23.900188446044922,10.1063232421875,28.474952697753906,10.686361312866211,19.999340057373047,9.591360092163086,25.714237213134766,16.30552864074707,101.59414672851562
2011-04-30,14.996987342834473,24.118953704833984,10.100152015686035,29.25353240966797,10.965205192565918,21.06882667541504,9.979591369628906,27.36846351623535,16.931867599487305,104.53648376464844
2011-05-31,14.586006164550781,23.1090030670166,9.767183303833008,28.444717407226562,10.850387573242188,21.596881866455078,10.193265914916992,28.044130325317383,16.885934829711914,103.3641357421875
2011-06-30,14.527379035949707,22.66481590270996,9.499034881591797,28.289491653442383,10.580938339233398,21.0213680267334,10.178601264953613,27.728919982910156,16.849180221557617,101.62040710449219
2011-07-31,14.025550842285156,22.995691299438477,9.158676147460938,26.344768524169922,10.626222610473633,20.75212287902832,10.084357261657715,26.62849998474121,16.614526748657227,99.58751678466797
2011-08-31,13.040327072143555,20.646493911743164,8.27994155883789,24.612764358520508,10.062180519104004,20.792512893676758,10.303253173828125,26.066591262817383,15.74294662475586,94.11264038085938
2011-09-30,10.891348838806152,17.66855239868164,7.3367719650268555,22.321306228637695,9.753314971923828,20.107275009155273,10.325515747070312,24.89670181274414,14.657427787780762,87.57926177978516
2011-10-31,12.779531478881836,21.05067253112793,8.386655807495117,25.529708862304688,10.749310493469238,21.04281234741211,10.703276634216309,26.33260154724121,16.406570434570312,97.13829040527344
2011-11-30,12.805500984191895,21.400976181030273,7.958004474639893,25.88874626159668,10.588132858276367,21.625831604003906,10.813846588134766,26.58368492126465,16.288837432861328,96.74356079101562
2011-12-31,12.513620376586914,20.963890075683594,8.127765655517578,25.954566955566406,10.563896179199219,22.224929809570312,11.17409896850586,27.371898651123047,16.501808166503906,97.75435638427734
2012-01-31,13.888248443603516,21.436967849731445,8.790493965148926,27.854053497314453,11.219732284545898,21.910259246826172,10.770363807678223,28.247743606567383,17.474489212036133,102.28768157958984
2012-02-29,13.80980396270752,22.707597732543945,9.228141784667969,28.630765914916992,12.016691207885742,22.731121063232422,10.835579872131348,28.547574996948242,18.26531982421875,106.72750854492188
2012-03-31,13.862390518188477,21.842464447021484,9.909904479980469,28.911052703857422,12.559147834777832,23.43599510192871,10.98283576965332,29.8256778717041,19.127553939819336,110.16029357910156
2012-04-30,13.749903678894043,21.68720245361328,9.677834510803223,28.594284057617188,12.417567253112793,23.5047607421875,11.177169799804688,29.74638557434082,19.348146438598633,109.42486572265625
2012-05-31,12.681258201599121,19.37053680419922,8.787198066711426,26.786375045776367,11.630535125732422,23.229698181152344,11.239850997924805,28.667856216430664,18.283382415771484,102.85330200195312
2012-06-30,13.304170608520508,20.3022403717041,9.226494789123535,27.68939781188965,12.010125160217285,24.07512855529785,11.701939582824707,30.305349349975586,18.637487411499023,107.0271987915039
2012-07-31,13.134522438049316,21.305580139160156,9.239097595214844,27.798091888427734,12.23168659210205,24.670602798461914,11.996149063110352,30.608312606811523,18.535329818725586,108.29328155517578
2012-08-31,13.439888954162598,21.88066291809082,9.55420970916748,28.22503089904785,12.74586296081543,24.552886962890625,11.499470710754395,30.96711540222168,19.391002655029297,111.00631713867188
2012-09-30,13.946097373962402,22.562427520751953,9.866032600402832,28.54053497314453,12.94123649597168,24.984207153320312,11.633932113647461,32.14663314819336,19.9883975982666,113.82037353515625
2012-10-31,13.654290199279785,22.1046142578125,10.062214851379395,28.50928497314453,12.118507385253906,24.677400588989258,11.796980857849121,32.074527740478516,19.680814743041992,111.74909973144531
2012-11-30,13.908201217651367,21.834218978881836,9.973611831665039,29.009313583374023,12.227643013000488,25.130640029907227,11.291855812072754,32.242774963378906,20.304523468017578,112.38155364990234
2012-12-31,14.352300643920898,22.056652069091797,10.43730354309082,29.82811737060547,12.179779052734375,24.6087703704834,11.289979934692383,32.126895904541016,20.396066665649414,113.38565826416016
2013-01-31,14.918124198913574,23.888011932373047,11.06774616241455,31.5438175201416,12.411975860595703,25.99785614013672,11.82667350769043,34.567840576171875,21.552595138549805,119.1898422241211
2013-02-28,14.715502738952637,23.99302101135254,11.201478004455566,32.2442741394043,12.509077072143555,26.858108520507812,12.101487159729004,35.00285339355469,21.89653778076172,120.71062469482422
2013-03-31,15.04100513458252,24.603078842163086,11.635400772094727,33.00864791870117,12.831523895263672,28.181272506713867,12.751198768615723,37.17703628540039,22.854703903198242,125.29409790039062
2013-04-30,15.1830415725708,24.28046226501465,11.948488235473633,32.763614654541016,13.056190490722656,29.01034164428711,13.51106071472168,38.293548583984375,23.54896354675293,127.70127868652344
2013-05-31,15.470966339111328,24.972240447998047,12.676895141601562,34.40773391723633,13.420744895935059,28.379663467407227,12.288118362426758,38.92463684082031,24.200101852416992,130.71627807617188
2013-06-30,14.835086822509766,24.406185150146484,12.477799415588379,33.87644958496094,13.03265380859375,28.293874740600586,12.398036003112793,38.69449996948242,24.39876937866211,128.971923828125
2013-07-31,15.659042358398438,25.690387725830078,13.144994735717773,35.878517150878906,13.518340110778809,29.52063751220703,12.935073852539062,41.46591567993164,25.68360710144043,135.63685607910156
2013-08-31,15.639702796936035,25.42544174194336,12.471384048461914,34.98870086669922,13.377744674682617,28.179758071899414,12.289313316345215,40.00299835205078,24.952505111694336,131.56878662109375
2013-09-30,16.33230209350586,25.96299934387207,12.823272705078125,37.04146957397461,13.716485023498535,28.566123962402344,12.430312156677246,41.28605651855469,26.3056583404541,135.73248291015625
2013-10-31,17.016538619995117,27.05274772644043,13.248353958129883,38.80535888671875,14.40573501586914,30.396371841430664,12.89931869506836,43.06513214111328,27.511829376220703,142.01771545410156
2013-11-30,17.238134384155273,27.068397521972656,13.834451675415039,40.226036071777344,14.850966453552246,30.870067596435547,12.6498441696167,45.097198486328125,28.46200180053711,146.22682189941406
2013-12-31,18.08216094970703,27.845726013183594,14.14539623260498,41.92300796508789,15.375901222229004,31.08304786682129,12.765088081359863,45.4304313659668,29.11185073852539,150.0180206298828
2014-01-31,17.229307174682617,26.231794357299805,13.627723693847656,40.13409423828125,14.980100631713867,29.477540969848633,13.144978523254395,45.85654830932617,27.365047454833984,144.73007202148438
2014-02-28,18.418615341186523,27.57516098022461,14.041866302490234,41.76256561279297,15.638334274291992,30.627439498901367,13.598844528198242,48.70822525024414,29.116199493408203,151.31764221191406
2014-03-31,18.57073402404785,28.15656089782715,14.509572982788086,42.162052154541016,15.705613136291504,31.299087524414062,14.054533958435059,48.0955696105957,28.281421661376953,152.57286071777344
2014-04-30,18.723926544189453,29.636144638061523,14.262776374816895,42.726043701171875,15.74881649017334,32.156795501708984,14.647760391235352,47.791316986083984,27.896881103515625,153.63348388671875
2014-05-31,19.27775001525879,30.13249969482422,14.47710132598877,43.54783630371094,16.34075927734375,32.73828887939453,14.488442420959473,49.16455078125,28.7009220123291,157.1988067626953
2014-06-30,19.588991165161133,31.79380989074707,14.827821731567383,43.75465393066406,16.64614486694336,32.6553840637207,15.132002830505371,50.20758056640625,29.257328033447266,160.444091796875
2014-07-31,19.198320388793945,30.69167709350586,14.612648963928223,41.949737548828125,16.928272247314453,31.572235107421875,14.102917671203613,50.27360916137695,28.88471031188965,158.28814697265625
2014-08-31,19.940202713012695,31.36185073852539,15.232102394104004,43.72226333618164,17.48387336730957,33.02861404418945,14.796952247619629,52.70846939086914,30.16916275024414,164.5347137451172
2014-09-30,19.660018920898438,28.930864334106445,15.170654296875,43.22103500366211,17.393474578857422,33.223079681396484,14.519807815551758,52.93776321411133,29.33321189880371,162.26475524902344
2014-10-31,19.1882381439209,27.909257888793945,15.60934066772461,44.89621353149414,17.67246437072754,34.40147399902344,15.68580436706543,55.72090530395508,29.953393936157227,166.0862274169922
2014-11-30,19.489545822143555,25.482925415039062,15.975997924804688,46.27863693237305,18.522520065307617,36.30897521972656,15.868640899658203,57.659175872802734,31.585216522216797,170.6489715576172
2014-12-31,19.381006240844727,25.429203033447266,16.274784088134766,46.268638610839844,18.119338989257812,35.969242095947266,16.434701919555664,56.849979400634766,31.866310119628906,170.21609497070312
2015-01-31,19.025938034057617,24.269527435302734,15.14285945892334,44.62495422363281,17.483951568603516,35.62059783935547,16.817550659179688,57.58992004394531,30.91231346130371,165.17271423339844
2015-02-28,20.54195213317871,25.384218215942383,16.02471160888672,47.01280975341797,18.88178825378418,37.09674835205078,15.742093086242676,60.05913162231445,33.55349349975586,174.45620727539062
2015-03-31,19.53439712524414,25.09098243713379,15.925997734069824,45.815834045410156,18.23309326171875,36.37610626220703,15.585417747497559,60.44388961791992,33.391422271728516,171.71621704101562
2015-04-30,20.191152572631836,26.74042510986328,15.93920612335205,45.70081329345703,18.734683990478516,36.0999641418457,15.511749267578125,59.78526306152344,33.37371826171875,173.4049072265625
2015-05-31,20.267242431640625,25.352951049804688,16.24966049194336,45.84868240356445,19.082271575927734,36.413429260253906,15.609965324401855,62.478145599365234,33.81242370605469,175.63414001464844
2015-06-30,19.466772079467773,24.469783782958984,16.17475128173828,44.63153839111328,18.297447204589844,35.74545669555664,14.675863265991211,62.23325729370117,33.99989318847656,172.06668090820312
2015-07-31,18.485187530517578,22.587997436523438,16.725414276123047,44.763641357421875,18.818973541259766,37.780548095703125,15.571425437927246,64.07373809814453,35.66254425048828,175.95355224609375
2015-08-31,17.443265914916992,21.627561569213867,15.544482231140137,42.344642639160156,17.780345916748047,35.52768325805664,15.029844284057617,58.97056579589844,33.333045959472656,165.2291717529297
2015-09-30,16.148725509643555,20.071815490722656,15.107151985168457,41.41136932373047,17.536422729492188,35.66618728637695,15.468327522277832,55.607566833496094,33.13739776611328,161.01316833496094
2015-10-31,18.316987991333008,22.31184959411621,16.053842544555664,45.046993255615234,19.378854751586914,37.69929885864258,15.6326904296875,59.89799118041992,36.131629943847656,174.70895385742188
2015-11-30,18.4990291595459,22.30856704711914,16.37386131286621,45.43711853027344,19.516481399536133,37.35161209106445,15.300384521484375,59.70488357543945,36.04684066772461,175.3474578857422
2015-12-31,17.696151733398438,19.962385177612305,15.986720085144043,44.26826858520508,19.110315322875977,38.4414176940918,15.624622344970703,60.73350524902344,35.02199172973633,172.31707763671875
2016-01-31,15.80101203918457,19.264097213745117,14.571189880371094,41.74629592895508,18.40087890625,38.64699172973633,16.39719009399414,56.04548263549805,33.20724868774414,163.73802185058594
2016-02-29,17.03590965270996,18.72466468811035,14.148547172546387,43.52503967285156,18.280405044555664,38.7688102722168,16.71488380432129,55.8431282043457,33.355125427246094,163.6027069091797
2016-03-31,18.326053619384766,20.628198623657227,15.161471366882324,46.560279846191406,19.893043518066406,40.60578918457031,18.048139572143555,57.355064392089844,35.58906173706055,174.607666015625
2016-04-30,19.262588500976562,22.49803924560547,15.707280158996582,47.139442443847656,18.89301300048828,40.02418899536133,17.61167335510254,59.055908203125,35.63406753540039,175.29580688476562
2016-05-31,19.197160720825195,22.288053512573242,16.00377082824707,46.93799591064453,19.816814422607422,40.2996826171875,17.87718963623047,60.37598419189453,35.65205764770508,178.27783203125
2016-06-30,19.04654312133789,22.894445419311523,15.486419677734375,47.27273941040039,19.543771743774414,42.45915985107422,19.240869522094727,60.92487335205078,35.24578857421875,178.89752197265625
2016-07-31,20.012439727783203,22.605924606323242,16.021596908569336,48.986083984375,20.93170928955078,42.11270523071289,19.112525939941406,63.890018463134766,36.85321044921875,185.422119140625
2016-08-31,19.959001541137695,22.985031127929688,16.63806915283203,49.45029067993164,21.17505645751953,41.86634826660156,18.05276107788086,61.81697082519531,36.37458801269531,185.6442413330078
2016-09-30,19.727245330810547,23.832763671875,16.171907424926758,49.54232406616211,21.6201114654541,41.21928405761719,18.117942810058594,61.501949310302734,36.27759552001953,185.6549072265625
2016-10-31,19.31410789489746,23.161087036132812,16.540590286254883,48.54943084716797,21.45720863342285,40.901676177978516,18.28066635131836,57.45069885253906,35.39830780029297,182.43624877929688
2016-11-30,20.63201332092285,25.12211799621582,18.861642837524414,52.96225357055664,21.493412017822266,39.181949615478516,17.289525985717773,58.636207580566406,37.09797286987305,189.15687561035156
2016-12-31,20.668453216552734,25.55692481994629,19.570171356201172,53.12436294555664,21.979122161865234,40.3560676574707,18.136505126953125,59.056217193603516,37.11244201660156,192.99147033691406
2017-01-31,21.608306884765625,24.735790252685547,19.620676040649414,54.114784240722656,22.760854721069336,41.042850494384766,18.364280700683594,60.40969467163086,38.67627716064453,196.4449920654297
2017-02-28,21.72890853881836,24.220035552978516,20.6560001373291,56.23225402832031,23.792539596557617,43.001731872558594,19.33140754699707,64.23881530761719,39.378414154052734,204.16366577148438
2017-03-31,21.864038467407227,23.860124588012695,20.045385360717773,55.801753997802734,24.322166442871094,42.819976806640625,19.305253982543945,63.930084228515625,40.218727111816406,204.41879272460938
2017-04-30,22.139368057250977,23.156953811645508,19.876440048217773,56.89960479736328,24.810346603393555,43.29069519042969,19.451988220214844,64.91018676757812,41.1836051940918,206.4479217529297
2017-05-31,22.14354133605957,22.337724685668945,19.63991355895996,57.91168212890625,25.7912654876709,44.43611145019531,20.257160186767578,65.40887451171875,41.63631820678711,209.3614959716797
2017-06-30,22.553247451782227,22.312776565551758,20.919130325317383,58.694217681884766,25.066057205200195,43.43475341796875,19.708423614501953,68.39614868164062,41.11196517944336,210.6961669921875
2017-07-31,22.901126861572266,22.897066116333008,21.275279998779297,58.86656188964844,26.183767318725586,43.73518371582031,20.18634605407715,68.95719909667969,41.90549850463867,215.02685546875
2017-08-31,23.081344604492188,21.642568588256836,20.94457244873047,58.99583053588867,26.94875717163086,43.2529182434082,20.850114822387695,70.16560363769531,41.125736236572266,215.6542205810547
2017-09-30,23.934669494628906,23.846296310424805,22.019657135009766,61.4644889831543,27.169160842895508,42.94367218017578,20.27533531188965,70.80508422851562,41.464561462402344,219.99952697753906
2017-10-31,24.86172103881836,23.647802352905273,22.649757385253906,61.923301696777344,28.939069747924805,42.23562240600586,21.06647300720215,70.2679443359375,42.343746185302734,225.18365478515625
2017-11-30,25.097694396972656,24.062179565429688,23.43313217163086,64.50308227539062,29.34821128845215,44.5904541015625,21.63211441040039,72.31250762939453,44.488773345947266,232.0665740966797
2017-12-31,25.631505966186523,25.330116271972656,23.875587463378906,65.86314392089844,29.50838851928711,45.595069885253906,20.32160186767578,71.9144287109375,45.582435607910156,234.8810272216797
2018-01-31,26.656259536743164,26.238018035888672,25.441059112548828,69.39700317382812,31.58481788635254,46.34043884277344,19.6889705657959,76.62871551513672,49.79472351074219,248.11874389648438
2018-02-28,25.250402450561523,23.39512825012207,24.696813583374023,66.7161636352539,31.455625534057617,42.80598831176758,18.9251708984375,73.18434143066406,48.067298889160156,239.09706115722656
2018-03-31,24.203433990478516,23.79823112487793,23.670591354370117,64.92263793945312,30.281137466430664,42.41778564453125,19.643665313720703,71.04984283447266,46.92103576660156,232.54330444335938
2018-04-30,24.233186721801758,26.05767059326172,23.567556381225586,63.113643646240234,30.299644470214844,40.660789489746094,20.044082641601562,71.80047607421875,48.03744125366211,233.7451171875
2018-05-31,24.73052406311035,26.8378849029541,23.33574104309082,65.05369567871094,32.35480499267578,40.024078369140625,19.822492599487305,71.9314193725586,48.991695404052734,239.4272003173828
2018-06-30,24.798669815063477,26.99073600769043,22.928081512451172,62.849063873291016,32.269657135009766,41.8527946472168,20.380264282226562,73.11780548095703,50.76454162597656,240.8041534423828
2018-07-31,25.507568359375,27.410133361816406,24.100786209106445,67.49054718017578,32.943206787109375,43.50968933105469,20.7058162689209,77.90996551513672,51.67951965332031,249.7251434326172
2018-08-31,25.311126708984375,26.457597732543945,24.42845344543457,67.64850616455078,35.11711883544922,43.68024826049805,20.972530364990234,81.28288269042969,54.31759262084961,257.6962585449219
2018-09-30,24.8566837310791,27.104753494262695,23.887252807617188,69.12149047851562,35.11037063598633,44.111488342285156,20.836563110351562,83.68416595458984,54.60572052001953,259.228515625
2018-10-31,22.573972702026367,24.034257888793945,22.761308670043945,61.609798431396484,32.29985427856445,44.99484634399414,21.248140335083008,78.01139831542969,49.09017562866211,241.31463623046875
2018-11-30,23.43213653564453,23.658506393432617,23.358922958374023,63.954978942871094,31.665973663330078,46.01725769042969,22.000085830688477,84.31742095947266,50.30601501464844,245.79087829589844
2018-12-31,21.818201065063477,20.7155818939209,20.759315490722656,57.13801193237305,29.01347541809082,41.915042877197266,21.12129783630371,76.43067169189453,46.30354690551758,224.1493377685547
2019-01-31,23.040393829345703,23.038179397583008,22.60692024230957,63.66705322265625,31.026348114013672,44.06940460205078,21.85567283630371,80.10595703125,50.87263870239258,242.0959930419922
2019-02-28,23.774581909179688,23.569164276123047,23.112396240234375,67.72108459472656,33.17029571533203,44.85355758666992,22.75368309020996,80.97179412841797,51.54139709472656,249.94375610351562
2019-03-31,24.072452545166016,24.070737838745117,22.520858764648438,66.9426498413086,34.75208282470703,46.568294525146484,23.388845443725586,81.36201477050781,53.42539596557617,254.4678192138672
2019-04-30,24.918241500854492,24.067089080810547,24.54431915283203,69.60143280029297,36.9640007019043,47.896209716796875,23.605966567993164,79.15394592285156,56.34420394897461,264.8634338378906
2019-05-31,22.879676818847656,21.39499282836914,22.783645629882812,64.28385162353516,33.761173248291016,46.1533317565918,23.42101287841797,77.39810943603516,52.05984878540039,247.9728240966797
2019-06-30,25.52541732788086,23.40509033203125,24.299592971801758,69.37542724609375,36.778839111328125,48.562320709228516,24.167274475097656,82.50177001953125,56.1287841796875,265.2283630371094
2019-07-31,25.455604553222656,23.034042358398438,24.87186622619629,69.7338638305664,38.06544494628906,49.69965362548828,24.134851455688477,81.1659164428711,56.84452438354492,269.23846435546875
2019-08-31,24.73565673828125,21.11638069152832,23.700908660888672,67.88788604736328,37.48106384277344,50.7784423828125,25.36287498474121,80.68498229980469,56.307735443115234,264.73052978515625
2019-09-30,25.522193908691406,21.94716453552246,24.777441024780273,69.9322738647461,38.07057571411133,51.66770553588867,26.441211700439453,80.59980773925781,57.023651123046875,269.88153076171875
2019-10-31,25.517810821533203,21.487457275390625,25.396883010864258,70.72503662109375,39.55501937866211,51.44898986816406,26.241086959838867,84.73130798339844,57.094520568847656,275.8471984863281
2019-11-30,26.329078674316406,21.832233428955078,26.67999267578125,73.90498352050781,41.67766189575195,52.15561294555664,25.750978469848633,88.97010803222656,57.850425720214844,285.8324890136719
2019-12-31,27.082727432250977,23.147891998291016,27.376150131225586,73.75636291503906,43.478389739990234,53.41398620605469,26.59832763671875,92.06205749511719,59.44892501831055,294.137451171875
2020-01-31,25.411550521850586,20.603317260742188,26.646827697753906,73.43042755126953,45.214298248291016,53.583614349365234,28.39295196533203,89.60372924804688,59.40153503417969,294.0186767578125
2020-02-29,23.24652862548828,17.45344352722168,23.649503707885742,66.16073608398438,41.913230895996094,49.181915283203125,25.593994140625,83.70182800292969,54.90327835083008,270.742431640625
2020-03-31,19.992778778076172,11.454532623291016,18.67460823059082,53.837669372558594,38.31793975830078,46.46114730834961,23.035724639892578,80.44805145263672,46.71538162231445,236.93447875976562
2020-04-30,23.02897834777832,14.978397369384766,20.441617965698242,58.581871032714844,43.58147430419922,49.69387435913086,23.804824829101562,90.57442474365234,55.53642272949219,267.0212097167969
2020-05-31,24.61366844177246,15.277966499328613,20.99772834777832,61.73859405517578,46.70907974243164,50.521270751953125,24.81505012512207,93.55329132080078,59.15153121948242,279.7436218261719
2020-06-30,25.150598526000977,15.110589027404785,20.887943267822266,62.956573486328125,49.95490264892578,50.407779693603516,23.655628204345703,91.2682113647461,60.96977996826172,284.70465087890625
2020-07-31,26.94038200378418,14.384003639221191,21.69133186340332,65.73326873779297,52.79472351074219,53.89781951904297,25.500118255615234,96.24797058105469,65.40489959716797,301.47161865234375
2020-08-31,28.114221572875977,14.232298851013184,22.62108612060547,71.30496978759766,59.06716537475586,56.37351608276367,24.837783813476562,98.73783874511719,71.65415954589844,322.5132751464844
2020-09-30,28.5380802154541,12.1534423828125,21.84693717956543,70.81853485107422,55.9158821105957,55.42937469482422,25.106351852416992,96.58489227294922,70.3189697265625,310.4372253417969
2020-10-31,28.331806182861328,11.654316902160645,21.656333923339844,69.79737854003906,53.1176872253418,53.83826446533203,26.374784469604492,93.08704376220703,68.4004898071289,302.6969299316406
2020-11-30,31.834035873413086,14.916877746582031,25.3050537109375,80.98409271240234,59.16447067260742,57.859283447265625,26.569272994995117,100.48565673828125,75.23719024658203,335.6232604980469
2020-12-31,32.624027252197266,15.585172653198242,26.900800704956055,81.79948425292969,62.44314956665039,58.814544677734375,26.734119415283203,104.30192565917969,77.06382751464844,348.0575866699219
2021-01-31,31.83536148071289,16.169099807739258,26.417173385620117,78.3076400756836,61.91966247558594,55.88471603393555,26.499605178833008,105.76382446289062,77.65338134765625,344.51068115234375
2021-02-28,33.14681625366211,19.80015754699707,29.48320960998535,83.7024154663086,62.764923095703125,55.19587326049805,24.883625030517578,103.5387954711914,77.24115753173828,354.0900573730469
2021-03-31,35.66280746459961,20.38842010498047,31.208688735961914,91.22468566894531,63.91771697998047,59.886531829833984,27.509357452392578,107.7086181640625,80.68598175048828,370.16546630859375
2021-04-30,37.58171463012695,20.525558471679688,33.234275817871094,94.44927215576172,67.23367309570312,60.999916076660156,28.660593032836914,111.94351196289062,85.89480590820312,389.7510986328125
2021-05-31,39.491573333740234,21.69749641418457,34.81991958618164,97.40515899658203,66.60801696777344,62.0782356262207,27.9904727935791,114.03791809082031,82.9759292602539,392.31024169921875
2021-06-30,37.41305923461914,22.61615562438965,33.76158905029297,95.1848373413086,71.19486236572266,61.740264892578125,27.372360229492188,116.65959167480469,85.84432983398438,401.1087646484375
2021-07-31,38.190311431884766,20.73532485961914,33.60516357421875,96.07717895507812,73.9624252319336,63.09914016723633,28.558509826660156,122.40227508544922,86.7481918334961,410.9007873535156
2021-08-31,38.91302490234375,20.3196964263916,35.33510971069336,97.14615631103516,76.59501647949219,63.76091766357422,29.671070098876953,125.23654174804688,88.29631042480469,423.1291809082031
2021-09-30,36.115726470947266,22.134550094604492,34.684078216552734,91.2398681640625,72.12188720703125,61.12174987792969,27.863136291503906,118.32550048828125,86.40609741210938,403.4090270996094
2021-10-31,38.85944747924805,24.420665740966797,37.20705032348633,97.4412612915039,78.01933288574219,63.26154708862305,29.18476104736328,124.38581848144531,96.85475158691406,431.7135925292969
2021-11-30,38.644874572753906,23.196874618530273,35.08147048950195,93.97221374511719,81.49212646484375,62.40919494628906,28.687515258789062,120.58415222167969,98.43888854980469,428.24481201171875
2021-12-31,41.57540512084961,23.88892364501953,36.26169967651367,99.04447174072266,84.1384506225586,68.93389129638672,31.467134475708008,131.460693359375,98.58629608154297,448.0502014160156
2022-01-31,38.74895477294922,28.3740177154541,36.27098846435547,94.29864501953125,78.37986755371094,67.91474914550781,30.44284439086914,122.44718933105469,89.18771362304688,424.4194641113281
2022-02-28,38.257991790771484,30.379831314086914,35.76955032348633,93.50300598144531,74.55693054199219,66.9582290649414,29.862564086914062,121.26219177246094,85.56137084960938,411.89190673828125
2022-03-31,40.598968505859375,33.21687698364258,35.72306442260742,96.71611785888672,77.05085754394531,68.15097045898438,32.95191955566406,128.22039794921875,89.34889221191406,427.37506103515625
2022-04-30,39.16199493408203,32.656307220458984,32.171268463134766,89.35298156738281,68.56183624267578,69.7225112915039,31.5357666015625,121.9493179321289,78.66566467285156,389.8647766113281
2022-05-31,39.62255859375,37.892616271972656,33.06620407104492,88.93975067138672,68.0915756225586,66.87577819824219,32.894386291503906,123.76512145996094,74.63772583007812,390.7448425292969
2022-06-30,34.132347106933594,31.423036575317383,29.474924087524414,82.38755798339844,61.78921127319336,65.3060302734375,31.284059524536133,120.53726959228516,66.55184936523438,358.5238342285156
2022-07-31,36.23314666748047,34.45943832397461,31.592994689941406,90.21693420410156,70.10101318359375,67.39604949951172,32.98810577392578,124.44739532470703,78.82337188720703,391.53936767578125
2022-08-31,34.971736907958984,35.37343978881836,30.974443435668945,87.66059112548828,65.74581146240234,66.1474609375,33.162086486816406,117.26629638671875,75.27986907958984,375.5638122558594
2022-09-30,31.718338012695312,31.992189407348633,28.603055953979492,78.51677703857422,57.877933502197266,60.76780319213867,29.42106819152832,114.2892837524414,69.10210418701172,340.8444519042969
2022-10-31,34.549259185791016,39.979122161865234,32.0135612487793,89.42608642578125,62.307220458984375,66.24081420898438,29.991437911987305,125.27373504638672,69.86858367919922,368.5467834472656
2022-11-30,38.592750549316406,40.48997116088867,34.20872497558594,96.41149139404297,66.24922943115234,70.29322052001953,32.07979202270508,131.1906280517578,70.90669250488281,389.0348205566406
2022-12-31,36.46290588378906,39.255455017089844,32.422874450683594,93.5289535522461,60.80998611450195,68.3759536743164,31.921184539794922,128.72726440429688,62.82688522338867,366.615478515625
2023-01-31,39.734619140625,40.359474182128906,34.66025161743164,96.99544525146484,66.43946838378906,67.63300323486328,31.282758712768555,126.3678207397461,72.33167266845703,389.6708984375
2023-02-28,38.41090774536133,37.55904006958008,33.8638916015625,96.15739440917969,66.71310424804688,66.06464385986328,29.43088150024414,120.50234985351562,70.79456329345703,379.87359619140625
2023-03-31,38.026390075683594,37.56103515625,30.63067054748535,96.75271606445312,73.95683288574219,68.85209655761719,30.874765396118164,123.15077209472656,72.96223449707031,393.95843505859375
2023-04-30,37.97453308105469,38.60401916503906,31.602468490600586,95.62435913085938,73.86869812011719,71.3680419921875,31.463159561157227,127.02240753173828,72.14256286621094,400.2519226074219
2023-05-31,35.367469787597656,34.73137283325195,30.25910186767578,92.61219024658203,80.45579528808594,66.9720458984375,29.615875244140625,121.6001968383789,73.97220611572266,402.0995788574219
2023-06-30,39.25989532470703,37.13248062133789,32.26106262207031,103.03443145751953,85.32593536376953,68.83935546875,30.088584899902344,126.78113555908203,83.01883697509766,428.1555480957031
2023-07-31,40.61009216308594,40.01909637451172,33.811424255371094,106.0106430053711,87.52949523925781,70.30579376220703,30.83803367614746,128.1374969482422,84.94019317626953,442.1705017089844
2023-08-31,39.269371032714844,40.67783737182617,32.902259826660156,103.9081039428711,86.20931243896484,67.53070831298828,28.948305130004883,127.23963928222656,83.4588623046875,434.9843444824219
2023-09-30,37.392669677734375,41.65545654296875,31.88616943359375,97.7281265258789,80.62437438964844,64.29739379882812,27.31491470336914,123.47437286376953,78.84191131591797,414.35101318359375
2023-10-31,36.20734405517578,39.25907516479492,31.107519149780273,94.8169174194336,80.66373443603516,63.409698486328125,27.66718864440918,119.44615173339844,74.4928207397461,405.3560791015625
2023-11-30,39.23017120361328,38.977962493896484,34.51050567626953,103.19389343261719,91.06576538085938,66.02608489990234,29.090177536010742,125.93924713134766,82.66205596923828,442.3828430175781
2023-12-31,41.00469970703125,39.00804901123047,36.32365036010742,110.48509979248047,94.87477111816406,67.81646728515625,29.630910873413086,131.38754272460938,87.73101806640625,462.5799560546875
2024-01-31,39.408424377441406,38.8079833984375,37.44427490234375,109.41891479492188,97.4378662109375,68.65441131591797,28.751293182373047,135.24111938476562,83.8598861694336,469.94720458984375
2024-02-29,41.97301483154297,40.078163146972656,38.97064208984375,117.2795639038086,102.02191162109375,70.09490966796875,29.055416107177734,139.5185546875,90.47860717773438,494.4722595214844
2024-03-31,44.68797302246094,44.280914306640625,40.843414306640625,122.46435546875,102.8272705078125,72.42247772216797,30.97016716003418,142.83595275878906,90.42000579833984,510.64251708984375
2024-04-30,42.638545989990234,43.86347579956055,39.13676071166992,118.14757537841797,96.90262603759766,71.6068115234375,31.484373092651367,135.6810760498047,86.35357666015625,490.0535888671875
2024-05-31,44.033695220947266,43.713382720947266,40.377967834472656,120.08236694335938,103.76042938232422,73.3519287109375,34.305419921875,138.939453125,86.52567291259766,514.84033203125
2024-06-30,42.68698501586914,43.09520721435547,40.021873474121094,118.89492797851562,111.89044952392578,73.17948913574219,32.40399932861328,141.4737091064453,89.88029479980469,533.0040283203125
2024-07-31,44.53832244873047,44.06915283203125,42.58225631713867,124.73868560791016,108.2156753540039,74.39308166503906,34.61530303955078,145.23988342285156,92.38847351074219,539.4581909179688
2024-08-31,45.572750091552734,43.15666580200195,44.52932357788086,128.2508087158203,108.97239685058594,78.84616088867188,36.27972412109375,152.58778381347656,92.20616149902344,552.06298828125
2024-09-30,46.795772552490234,41.854156494140625,44.280452728271484,132.56265258789062,111.85857391357422,79.73587799072266,38.675270080566406,150.05868530273438,98.93900299072266,563.6588745117188
2024-10-31,45.344024658203125,42.230743408203125,45.41384506225586,130.98687744140625,110.114501953125,76.9691390991211,38.25873565673828,143.09255981445312,97.22065734863281,558.6289672851562
2024-11-30,46.018924713134766,45.53903579711914,50.1623649597168,140.93101501464844,115.80751037597656,79.9472427368164,39.70462417602539,143.6186981201172,109.76763916015625,591.9419555664062
2024-12-31,41.06589126586914,41.17658996582031,47.422794342041016,129.6097412109375,115.39675903320312,76.091552734375,36.53853988647461,134.6386260986328,110.9898452758789,577.69970703125
2025-01-31,43.33540344238281,42.12836837768555,50.503849029541016,136.09222412109375,114.548095703125,76.44969940185547,37.595733642578125,143.7404327392578,114.8585205078125,593.2147216796875
2025-02-28,43.320762634277344,43.74351119995117,51.20052719116211,134.1051788330078,111.92770385742188,80.4183349609375,38.24260711669922,145.7565460205078,106.83915710449219,585.6838989257812
2025-03-31,42.163970947265625,45.271575927734375,49.05253601074219,129.3270721435547,102.65335083007812,79.47225189208984,38.33415603637695,143.45162963867188,97.95577239990234,553.0501098632812
2025-04-30,41.1390495300293,38.99798583984375,48.018497467041016,129.47508239746094,104.38844299316406,79.6279525756836,38.35846710205078,138.00869750976562,97.85655212402344,548.2550659179688
2025-05-31,42.340511322021484,39.49696731567383,50.1850471496582,140.9208221435547,114.79894256591797,80.60104370117188,39.826690673828125,130.31590270996094,106.06170654296875,582.7100830078125
2025-06-30,43.28074645996094,41.42018127441406,51.75035095214844,146.00132751464844,126.10417938232422,79.33158874511719,39.975929260253906,133.06040954589844,108.0420913696289,612.6533813476562
2025-07-31,43.24131393432617,42.592315673828125,51.75035095214844,150.44509887695312,130.83999633789062,78.16566467285156,41.938987731933594,128.75636291503906,110.08033752441406,626.763671875
2025-08-31,45.48396682739258,44.145389556884766,53.3511848449707,150.44509887695312,130.69557189941406,79.14542388916016,41.27810287475586,135.66653442382812,115.20579528808594,639.6245727539062
2025-09-30,44.382503509521484,44.004920959472656,53.407840728759766,153.2728729248047,140.54180908203125,77.31110382080078,42.98025894165039,138.0124969482422,119.34326934814453,662.4082641601562
2025-10-31,42.42634582519531,43.4089241027832,51.92070770263672,154.0977325439453,149.92588806152344,75.24933624267578,43.91171646118164,143.05026245117188,119.48768615722656,678.1983032226562
2025-11-30,44.27355194091797,44.55165481567383,52.872474670410156,152.73623657226562,142.7158203125,78.29759216308594,44.66575622558594,156.33880615234375,117.75959777832031,679.5208129882812
2025-12-31,45.14921569824219,44.41977310180664,54.48990249633789,154.6853485107422,143.7912139892578,77.24520874023438,42.39360809326172,154.16622924804688,119.17060852050781,680.062744140625
2026-01-31,49.05186080932617,50.7186164855957,53.16670227050781,164.9764404296875,143.7013397216797,83.0425796508789,42.94972229003906,154.10647583007812,120.92707824707031,690.0853271484375
2026-02-28,53.17353057861328,55.557003021240234,51.16698455810547,176.64364624023438,138.58767700195312,89.50619506835938,47.398616790771484,159.5441131591797,116.62571716308594,684.1216430664062
2026-03-31,49.970001220703125,61.2599983215332,49.369998931884766,161.72999572753906,132.89999389648438,81.9800033569336,45.88999938964844,146.61000061035156,108.9800033569336,650.3400268554688
2026-04-30,51.470001220703125,59.650001525878906,52.130001068115234,174.5800018310547,159.5,84.30999755859375,46.849998474121094,145.99000549316406,118.3499984741211,718.6599731445312
2026-05-31,51.150001525878906,56.290000915527344,51.58000183105469,173.1300048828125,191.02000427246094,82.91000366210938,44.41999816894531,149.47000122070312,120.87000274658203,756.47998046875
2026-06-30,51.52000045776367,57.959999084472656,51.459999084472656,174.19000244140625,198.2100067138672,81.83000183105469,43.900001525878906,146.39999389648438,117.58999633789062,759.5700073242188
